appearance_distance_to_distractor_color,appearance_distance_to_selected_color,appearance_identity_accuracy,appearance_identity_correct,appearance_identity_eligible,appearance_identity_skipped,appearance_true_color_separation,arm,background_degenerate,background_mse,background_noop_mse,background_noop_squared_error_sum,background_ratio,background_squared_error_sum,background_tokens,common_degenerate,common_mse,common_noop_mse,common_noop_squared_error_sum,common_ratio,common_squared_error_sum,common_tokens,destination_degenerate,destination_mse,destination_noop_mse,destination_noop_squared_error_sum,destination_ratio,destination_squared_error_sum,destination_tokens,distractor_centroid_change_px,distractor_centroid_error_px,distractor_centroid_mass,distractor_centroid_present,distractor_centroid_x,distractor_centroid_y,distractor_degenerate,distractor_gt_centroid_x,distractor_gt_centroid_y,distractor_iou,distractor_iou_intersection,distractor_iou_union,distractor_mse,distractor_noop_mse,distractor_noop_squared_error_sum,distractor_occupancy_change_mse,distractor_ratio,distractor_rgb_change_mse,distractor_rgb_core_error_sum,distractor_rgb_core_mse,distractor_rgb_core_tokens,distractor_squared_error_sum,distractor_tokens,edited_latent_sha256,halo_degenerate,halo_mse,halo_noop_mse,halo_noop_squared_error_sum,halo_ratio,halo_squared_error_sum,halo_tokens,included_in_nonzero_summary,outside_requested_union_changed_tokens,position_index,primary_ratio,scene,seed,selected_centroid_error_px,selected_centroid_mass,selected_centroid_present,selected_centroid_x,selected_centroid_y,selected_gt_centroid_x,selected_gt_centroid_y,selected_iou,selected_iou_intersection,selected_iou_union,selected_rgb_core_error_sum,selected_rgb_core_mse,selected_rgb_core_tokens,shift_px,source_hole_degenerate,source_hole_ghost_fraction_above_half,source_hole_ghost_mean_occupancy,source_hole_mse,source_hole_noop_mse,source_hole_noop_squared_error_sum,source_hole_ratio,source_hole_rgb_mse,source_hole_squared_error_sum,source_hole_tokens
0.33598547011873997,0.40953265033827496,0.0,0,1,0,0.6205784554753964,noop,1,0.0,0.0,0.0,,0.0,512,1,0.0,0.0,0.0,,0.0,40,1,0.0,0.0,0.0,,0.0,21,0.0,2.1980676558011725,6.093464404344559,1,280.1382885919208,105.62020900659273,1,279.4644351464435,107.71243818942564,0.7,7,10,0.0,0.0,0.0,0.0,,0.0,0.9309144849860754,0.10343494277623061,9,0.0,19,56b27d3ecc2b5269df935ea0449c2360fdb3622c2bddf3c8174538d92a959ef6,1,0.0,0.0,0.0,,0.0,24,0,0,0,,image_13200,13200,1.4143818222461602,5.055780798196793,1,182.20387573960608,295.1335054621755,182.3954341622503,296.5348552792499,0.5555555555555556,5,9,0.5436040015930873,0.06040044462145414,9,0,1,,,,,0.0,,,0.0,0
0.33598547011873997,0.40953265033827496,0.0,0,1,0,0.6205784554753964,copy_repair,1,0.0,0.0,0.0,,0.0,512,1,0.0,0.0,0.0,,0.0,40,1,0.0,0.0,0.0,,0.0,21,0.0,2.1980676558011725,6.093464404344559,1,280.1382885919208,105.62020900659273,1,279.4644351464435,107.71243818942564,0.7,7,10,0.0,0.0,0.0,0.0,,0.0,0.9309144849860754,0.10343494277623061,9,0.0,19,56b27d3ecc2b5269df935ea0449c2360fdb3622c2bddf3c8174538d92a959ef6,1,0.0,0.0,0.0,,0.0,24,0,0,0,,image_13200,13200,1.4143818222461602,5.055780798196793,1,182.20387573960608,295.1335054621755,182.3954341622503,296.5348552792499,0.5555555555555556,5,9,0.5436040015930873,0.06040044462145414,9,0,1,,,,,0.0,,,0.0,0
0.33598547011873997,0.40953265033827496,0.0,0,1,0,0.6205784554753964,wrong_direction,1,0.0,0.0,0.0,,0.0,512,1,0.0,0.0,0.0,,0.0,40,1,0.0,0.0,0.0,,0.0,21,0.0,2.1980676558011725,6.093464404344559,1,280.1382885919208,105.62020900659273,1,279.4644351464435,107.71243818942564,0.7,7,10,0.0,0.0,0.0,0.0,,0.0,0.9309144849860754,0.10343494277623061,9,0.0,19,56b27d3ecc2b5269df935ea0449c2360fdb3622c2bddf3c8174538d92a959ef6,1,0.0,0.0,0.0,,0.0,24,0,0,0,,image_13200,13200,1.4143818222461602,5.055780798196793,1,182.20387573960608,295.1335054621755,182.3954341622503,296.5348552792499,0.5555555555555556,5,9,0.5436040015930873,0.06040044462145414,9,0,1,,,,,0.0,,,0.0,0
0.33598547011873997,0.40953265033827496,0.0,0,1,0,0.6205784554753964,genuine_target,1,0.0,0.0,0.0,,0.0,512,1,0.0,0.0,0.0,,0.0,40,1,0.0,0.0,0.0,,0.0,21,0.0,2.1980676558011725,6.093464404344559,1,280.1382885919208,105.62020900659273,1,279.4644351464435,107.71243818942564,0.7,7,10,0.0,0.0,0.0,0.0,,0.0,0.9309144849860754,0.10343494277623061,9,0.0,19,56b27d3ecc2b5269df935ea0449c2360fdb3622c2bddf3c8174538d92a959ef6,1,0.0,0.0,0.0,,0.0,24,0,0,0,,image_13200,13200,1.4143818222461602,5.055780798196793,1,182.20387573960608,295.1335054621755,182.3954341622503,296.5348552792499,0.5555555555555556,5,9,0.5436040015930873,0.06040044462145414,9,0,1,,,,,0.0,,,0.0,0
0.3930347012632259,0.38823291448148356,1.0,1,1,0,0.6205784554753964,noop,0,0.002698123831530391,0.002698123831530391,1.3625525349228476,1.0,1.3625525349228476,505,0,1.1826633248618164,1.1826633248618164,65.0464828673999,1.0,65.0464828673999,55,0,2.141932987649141,2.141932987649141,44.980592740631955,1.0,44.980592740631955,21,0.0,2.1980676558011725,6.093464404344559,1,280.1382885919208,105.62020900659273,0,279.4644351464435,107.71243818942564,0.7,7,10,0.00754982087870105,0.00754982087870105,0.14344659669531995,0.0,1.0,0.0,0.9309144849860754,0.10343494277623061,9,0.14344659669531995,19,56b27d3ecc2b5269df935ea0449c2360fdb3622c2bddf3c8174538d92a959ef6,0,0.16620134358619876,0.16620134358619876,4.3212349332411675,1.0,4.3212349332411675,26,1,0,1,1.0,image_13200,13200,16.252087418658423,5.055780798196793,1,182.20387573960608,295.1335054621755,198.3954341622503,296.5348552792499,0.2727272727272727,3,11,0.5286026492204323,0.05873362769115915,9,16,0,0.0,0.04808122664690018,3.5691675958006464,3.5691675958006464,17.84583797900323,1.0,0.003914648131942874,17.84583797900323,5
0.33598547011873997,0.40953265033827496,0.0,0,1,0,0.6205784554753964,copy_repair,0,0.002698123831530391,0.002698123831530391,1.3625525349228476,1.0,1.3625525349228476,505,0,0.24667524720392708,1.1826633248618164,65.0464828673999,0.20857605204993473,13.56713859621599,55,0,0.26014302030173886,2.141932987649141,44.980592740631955,0.12145245523635942,5.463003426336516,21,0.0,2.1980676558011725,6.093464404344559,1,280.1382885919208,105.62020900659273,0,279.4644351464435,107.71243818942564,0.7,7,10,0.00754982087870105,0.00754982087870105,0.14344659669531995,0.0,1.0,0.0,0.9309144849860754,0.10343494277623061,9,0.14344659669531995,19,b2999a510889bd35852f5816f08494533594bb484133ef1da209e46294afdda1,0,0.16620134358619876,0.16620134358619876,4.3212349332411675,1.0,4.3212349332411675,26,1,0,1,0.22558491985324736,image_13200,13200,1.4143818222461602,5.055780798196793,1,198.20387573960608,295.1335054621755,198.3954341622503,296.5348552792499,0.5555555555555556,5,9,0.5438109026616067,0.06042343362906741,9,16,0,0.0,0.11306347697973251,1.17681660442295,3.5691675958006464,17.84583797900323,0.32971738447013527,0.02433011670163405,5.88408302211475,5
0.42192833422992204,0.3533758176733855,1.0,1,1,0,0.6205784554753964,wrong_direction,0,0.002698123831530391,0.002698123831530391,1.3625525349228476,1.0,1.3625525349228476,505,0,1.5950445346517592,1.1826633248618164,65.0464828673999,1.3486885921977212,87.72744940584676,55,0,2.343875795956982,2.141932987649141,44.980592740631955,1.094280637850151,49.22139171509662,21,0.0,2.1980676558011725,6.093464404344559,1,280.1382885919208,105.62020900659273,0,279.4644351464435,107.71243818942564,0.7,7,10,0.00754982087870105,0.00754982087870105,0.14344659669531995,0.0,1.0,0.0,0.9309144849860754,0.10343494277623061,9,0.14344659669531995,19,25ba917844738abafed19a605b77f569dbecc2ccdf4c7034c8c3d7841e68bcad,0,0.6696332114603298,0.16620134358619876,4.3212349332411675,4.02904812326641,17.410463497968575,26,1,5,1,1.1970615219963596,image_13200,13200,32.22204548113497,5.055780798196793,1,166.20387573960608,295.1335054621755,198.3954341622503,296.5348552792499,0.07692307692307693,1,13,0.4462591377449796,0.04958434863833107,9,16,0,0.4,0.3972676992416382,4.639355395651597,3.5691675958006464,17.84583797900323,1.299842406142568,0.008006531170285994,23.196776978257986,5
0.3148077576552878,0.42888208370776587,0.0,0,1,0,0.6205784554753964,genuine_target,0,0.0,0.002698123831530391,1.3625525349228476,0.0,0.0,505,0,0.0,1.1826633248618164,65.0464828673999,0.0,0.0,55,0,0.0,2.141932987649141,44.980592740631955,0.0,0.0,21,0.07770224632454917,2.222055638826484,6.057953983545303,1,280.21598266217785,105.62133618482756,0,279.4644351464435,107.71243818942564,0.7,7,10,0.0,0.00754982087870105,0.14344659669531995,4.15822105424013e-05,0.0,1.0670781193766743e-05,0.9283317581640845,0.10314797312934272,9,0.0,19,35a9fe19639850a96b67594c5db0e784868332084a55ed1b4b99394935fc6bb8,0,0.0,0.16620134358619876,4.3212349332411675,0.0,0.0,26,1,550,1,0.0,image_13200,13200,1.9367685239190433,5.052590221166611,1,198.43200773023932,294.59843211026845,198.3954341622503,296.5348552792499,0.5555555555555556,5,9,0.5970311194733465,0.06633679105259406,9,16,0,0.0,0.00499842781573534,0.0,3.5691675958006464,17.84583797900323,0.0,0.006531582593708067,0.0,5
0.44424900925207417,0.38609010985131,1.0,1,1,0,0.6205784554753964,noop,0,0.005488380866691248,0.005488380866691248,2.7332136716122415,1.0,2.7332136716122415,498,0,1.3572455604757956,1.3572455604757956,93.64994367282989,1.0,93.64994367282989,69,0,2.5000273159087993,2.5000273159087993,52.50057363408479,1.0,52.50057363408479,21,0.0,2.1980676558011725,6.093464404344559,1,280.1382885919208,105.62020900659273,0,279.4644351464435,107.71243818942564,0.7,7,10,0.011970298732940997,0.011970298732940997,0.22743567592587893,0.0,1.0,0.0,0.9309144849860754,0.10343494277623061,9,0.22743567592587893,19,56b27d3ecc2b5269df935ea0449c2360fdb3622c2bddf3c8174538d92a959ef6,0,0.20183487042568335,0.20183487042568335,5.651376371919134,1.0,5.651376371919134,28,1,0,2,1.0,image_13200,13200,32.22204548113497,5.055780798196793,1,182.20387573960608,295.1335054621755,214.3954341622503,296.5348552792499,0.07692307692307693,1,13,0.49693737975856955,0.05521526441761884,9,32,0,0.2,0.22267445921897888,3.8003426683125263,3.8003426683125263,38.00342668312526,1.0,0.006592466335188072,38.00342668312526,10
0.33598547011873997,0.40953265033827496,0.0,0,1,0,0.6205784554753964,copy_repair,0,0.005488380866691248,0.005488380866691248,2.7332136716122415,1.0,2.7332136716122415,498,0,0.3532728390572585,1.3572455604757956,93.64994367282989,0.2602866049776691,24.375825894950836,69,0,0.42229995290781425,2.5000273159087993,52.50057363408479,0.16891813550217213,8.8682990110641,21,0.0,2.1980676558011725,6.093464404344559,1,280.1382885919208,105.62020900659273,0,279.4644351464435,107.71243818942564,0.7,7,10,0.011970298732940997,0.011970298732940997,0.22743567592587893,0.0,1.0,0.0,0.9309144849860754,0.10343494277623061,9,0.22743567592587893,19,21a797818c1b8c15dc7944091c85d86e134988fb213afe452afff4eae68dfc32,0,0.20183487042568335,0.20183487042568335,5.651376371919134,1.0,5.651376371919134,28,1,0,2,0.24709681659592653,image_13200,13200,1.4143818222461602,5.055780798196793,1,214.20387573960608,295.1335054621755,214.3954341622503,296.5348552792499,0.5555555555555556,5,9,0.5409243988440544,0.06010271098267271,9,32,0,0.0,0.0850631445646286,1.236158352826687,3.8003426683125263,38.00342668312526,0.32527549768968095,0.021306752922095464,12.36158352826687,10
0.4613302775152775,0.3264840326608838,1.0,1,1,0,0.6205784554753964,wrong_direction,0,0.03277415836477752,0.005488380866691248,2.7332136716122415,5.9715532068269,16.321530865659206,498,0,1.7951119434952556,1.3572455604757956,93.64994367282989,1.322613973307794,123.86272410117263,69,0,2.576021156295946,2.5000273159087993,52.50057363408479,1.0303972040239575,54.09644428221486,21,0.0,2.1980676558011725,6.093464404344559,1,280.1382885919208,105.62020900659273,0,279.4644351464435,107.71243818942564,0.7,7,10,0.011970298732940997,0.011970298732940997,0.22743567592587893,0.0,1.0,0.0,0.9309144849860754,0.10343494277623061,9,0.22743567592587893,19,96dd0497f1880364cac864abac527c294a6576eb356a1792ef3f14afd42574a5,0,0.9737253914290183,0.20183487042568335,5.651376371919134,4.82436651989503,27.264310960012512,28,1,10,2,0.9285703348187552,image_13200,13200,64.20685285884646,5.055780798196793,1,150.20387573960608,295.1335054621755,214.3954341622503,296.5348552792499,0.0,0,14,0.33235352271444224,0.03692816919049358,9,32,0,0.3,0.3232024312019348,3.141908468119755,3.8003426683125263,38.00342668312526,0.8267434656135528,0.008034668772059349,31.41908468119755,10
0.31403270494222196,0.4254564378892454,0.0,0,1,0,0.6205784554753964,genuine_target,0,0.0,0.005488380866691248,2.7332136716122415,0.0,0.0,498,0,0.0,1.3572455604757956,93.64994367282989,0.0,0.0,69,0,0.0,2.5000273159087993,52.50057363408479,0.0,0.0,21,0.06384737850822893,2.2072249058330313,6.115001946687698,1,280.20108119087234,105.63176656945362,0,279.4644351464435,107.71243818942564,0.7,7,10,0.0,0.011970298732940997,0.22743567592587893,3.666937118396163e-05,0.0,3.0021305065019988e-05,0.9178153325592028,0.10197948139546698,9,0.0,19,94e81ce3cf7873397cce93c499ed5d2cf3b7850619743393042acf20bacf24ac,0,0.0,0.20183487042568335,5.651376371919134,0.0,0.0,28,1,545,2,0.0,image_13200,13200,1.5942681628984854,5.162103831768036,1,214.32814574361134,294.9420077523507,214.3954341622503,296.5348552792499,0.5555555555555556,5,9,0.586577823373941,0.06517531370821567,9,32,0,0.0,0.004147692117840052,0.0,3.8003426683125263,38.00342668312526,0.0,0.0056075176192622676,0.0,10
0.48490569905341896,0.3778980460486459,1.0,1,1,0,0.6205784554753964,noop,0,0.006767056883891949,0.006767056883891949,3.3226249299909467,1.0,3.3226249299909467,491,0,1.3489002437257511,1.3489002437257511,111.95872022923734,1.0,111.95872022923734,83,0,2.743276460859499,2.743276460859499,57.60880567804947,1.0,57.60880567804947,21,0.0,2.1980676558011725,6.093464404344559,1,280.1382885919208,105.62020900659273,0,279.4644351464435,107.71243818942564,0.7,7,10,0.011543372948384131,0.011543372948384131,0.2193240860192985,0.0,1.0,0.0,0.9309144849860754,0.10343494277623061,9,0.2193240860192985,19,56b27d3ecc2b5269df935ea0449c2360fdb3622c2bddf3c8174538d92a959ef6,0,0.1983866596227856,0.1983866596227856,5.951599788683568,1.0,5.951599788683568,30,1,0,3,1.0,image_13200,13200,48.2119288611537,5.055780798196793,1,182.20387573960608,295.1335054621755,230.3954341622503,296.5348552792499,0.0,0,14,0.47461459923688987,0.05273495547076554,9,48,0,0.26666666666666666,0.2692709267139435,3.399385436096867,3.399385436096867,50.99078154145301,1.0,0.007617233226452374,50.99078154145301,15
0.33598547011873997,0.40953265033827496,0.0,0,1,0,0.6205784554753964,copy_repair,0,0.006767056883891949,0.006767056883891949,3.3226249299909467,1.0,3.3226249299909467,491,0,0.40312028614532286,1.3489002437257511,111.95872022923734,0.29885107369532243,33.4589837500618,83,0,0.5310757589344148,2.743276460859499,57.60880567804947,0.19359177483993828,11.152590937622712,21,0.0,2.1980676558011725,6.093464404344559,1,280.1382885919208,105.62020900659273,0,279.4644351464435,107.71243818942564,0.7,7,10,0.011543372948384131,0.011543372948384131,0.2193240860192985,0.0,1.0,0.0,0.9309144849860754,0.10343494277623061,9,0.2193240860192985,19,524b0f230df13651aed90c1e2758e45e1c3bd99727636bd5eb271c04f0f31d61,0,0.1983866596227856,0.1983866596227856,5.951599788683568,1.0,5.951599788683568,30,1,0,3,0.2825869189547675,image_13200,13200,1.4143818222461602,5.055780798196793,1,230.20387573960608,295.1335054621755,230.3954341622503,296.5348552792499,0.5555555555555556,5,9,0.5442618532218318,0.060473539246870205,9,48,0,0.0,0.0660998597741127,1.2631506535136148,3.399385436096867,50.99078154145301,0.37158206306959674,0.01854964282626929,18.94725980270422,15
0.464220171594756,0.3526616857166138,1.0,1,1,0,0.6205784554753964,wrong_direction,0,0.07461921587009242,0.006767056883891949,3.3226249299909467,11.026834434880136,36.638034992215374,491,0,1.7517589602661015,1.3489002437257511,111.95872022923734,1.2986571604640147,145.39599370208643,83,0,2.8017374473033816,2.743276460859499,57.60880567804947,1.0213106434141772,58.83648639337101,21,0.0,2.1980676558011725,6.093464404344559,1,280.1382885919208,105.62020900659273,0,279.4644351464435,107.71243818942564,0.7,7,10,0.011543372948384131,0.011543372948384131,0.2193240860192985,0.0,1.0,0.0,0.9309144849860754,0.10343494277623061,9,0.2193240860192985,19,01a94f1121ff39afd3c3123653249556e8dc7fd738a280234c57c6f4d01cd4a6,0,0.8096662397331204,0.1983866596227856,5.951599788683568,4.081253453597273,24.28998719199361,30,1,15,3,0.8199914005020398,image_13200,13200,96.20176554038284,5.055780798196793,1,134.20387573960608,295.1335054621755,230.3954341622503,296.5348552792499,0.0,0,14,0.404792504809966,0.04497694497888511,9,48,0,0.06666666666666667,0.11952328681945801,2.10310512222974,3.399385436096867,50.99078154145301,0.6186721575899023,0.0118975233633959,31.546576833446096,15
0.32432303327168654,0.4133020754424079,0.0,0,1,0,0.6205784554753964,genuine_target,0,0.0,0.006767056883891949,3.3226249299909467,0.0,0.0,491,0,0.0,1.3489002437257511,111.95872022923734,0.0,0.0,83,0,0.0,2.743276460859499,57.60880567804947,0.0,0.0,21,0.05562274854297536,2.2054756462641043,6.128175467252731,1,280.1929047536149,105.63074300095745,0,279.4644351464435,107.71243818942564,0.7,7,10,0.0,0.011543372948384131,0.2193240860192985,2.612607931951061e-05,0.0,2.9286726203281432e-05,0.9101401570515374,0.10112668411683749,9,0.0,19,f04a3b5d18d01ade6d6685e70d4d4dbe67d3c0493eb65ba2fbdbf16628c8e755,0,0.0,0.1983866596227856,5.951599788683568,0.0,0.0,30,1,540,3,0.0,image_13200,13200,1.5942811060715767,5.17015677690506,1,230.2737078730287,294.94522797837425,230.3954341622503,296.5348552792499,0.5555555555555556,5,9,0.5601710327763892,0.06224122586404325,9,48,0,0.0,0.006081868894398212,0.0,3.399385436096867,50.99078154145301,0.0,0.005963329479279357,0.0,15
0.47881447378499714,0.3808828442879445,1.0,1,1,0,0.6205784554753964,noop,0,0.0069654266028410785,0.0069654266028410785,3.371266475775082,1.0,3.371266475775082,484,0,1.4482175191842364,1.4482175191842364,133.23601176494975,1.0,133.23601176494975,92,0,3.121012470151425,3.121012470151425,65.54126187317992,1.0,65.54126187317992,21,0.0,2.1980676558011725,6.093464404344559,1,280.1382885919208,105.62020900659273,0,279.4644351464435,107.71243818942564,0.7,7,10,0.019871389018055158,0.019871389018055158,0.377556391343048,0.0,1.0,0.0,0.9309144849860754,0.10343494277623061,9,0.377556391343048,19,56b27d3ecc2b5269df935ea0449c2360fdb3622c2bddf3c8174538d92a959ef6,0,0.1877718243776907,0.1877718243776907,6.384242028841483,1.0,6.384242028841483,34,1,0,4,1.0,image_13200,13200,64.20685285884646,5.055780798196793,1,182.20387573960608,295.1335054621755,246.3954341622503,296.5348552792499,0.0,0,14,0.466636191802242,0.051848465755804665,9,64,0,0.2777777777777778,0.299079954624176,3.639216950778239,3.639216950778239,65.5059051140083,1.0,0.006860665358593204,65.5059051140083,18
0.33598547011873997,0.40953265033827496,0.0,0,1,0,0.6205784554753964,copy_repair,0,0.0069654266028410785,0.0069654266028410785,3.371266475775082,1.0,3.371266475775082,484,0,0.3986058108126156,1.4482175191842364,133.23601176494975,0.27523890957840746,36.671734594760636,92,0,0.5057122059732572,3.121012470151425,65.54126187317992,0.16203466368999195,10.6199563254384,21,0.0,2.1980676558011725,6.093464404344559,1,280.1382885919208,105.62020900659273,0,279.4644351464435,107.71243818942564,0.7,7,10,0.019871389018055158,0.019871389018055158,0.377556391343048,0.0,1.0,0.0,0.9309144849860754,0.10343494277623061,9,0.377556391343048,19,e58c8f611ad5d2cfb6cdba4c6e336affda555d976f3963b7f5adacf5710c384c,0,0.1877718243776907,0.1877718243776907,6.384242028841483,1.0,6.384242028841483,34,1,0,4,0.263160708461417,image_13200,13200,1.4143818222461602,5.055780798196793,1,246.20387573960608,295.1335054621755,246.3954341622503,296.5348552792499,0.5555555555555556,5,9,0.5469886454921385,0.060776516165793174,9,64,0,0.0,0.056219927966594696,1.3257185273089283,3.639216950778239,65.5059051140083,0.36428675323284204,0.01645537463130983,23.862933491560707,18
0.47881447378499714,0.3808828442879445,1.0,1,1,0,0.6205784554753964,wrong_direction,0,0.1128517418949265,0.0069654266028410785,3.371266475775082,16.201698521795663,54.62024307714442,484,0,1.763905518387368,1.4482175191842364,133.23601176494975,1.2179838284106346,162.27930769163785,92,0,3.1739894690833017,3.121012470151425,65.54126187317992,1.0169742990258883,66.65377885074933,21,0.0,2.1980676558011725,6.093464404344559,1,280.1382885919208,105.62020900659273,0,279.4644351464435,107.71243818942564,0.7,7,10,0.019871389018055158,0.019871389018055158,0.377556391343048,0.0,1.0,0.0,0.9309144849860754,0.10343494277623061,9,0.377556391343048,19,0060c6e9341ab4b9f34d8f16876a4430ce7642c3dbc4781a70e0a74932158062,0,0.6104761728916208,0.1877718243776907,6.384242028841483,3.2511596184083937,20.75618987831511,34,1,18,4,0.7208020512296113,image_13200,13200,128.1992177516541,5.055780798196793,1,118.20387573960608,295.1335054621755,246.3954341622503,296.5348552792499,0.0,0,14,0.466636191802242,0.051848465755804665,9,64,0,0.0,0.03771776333451271,1.5453199784602218,3.639216950778239,65.5059051140083,0.4246298034333343,0.013395481427973517,27.815759612283994,18
0.3319151346987372,0.40550874512095236,0.0,0,1,0,0.6205784554753964,genuine_target,0,0.0,0.0069654266028410785,3.371266475775082,0.0,0.0,484,0,0.0,1.4482175191842364,133.23601176494975,0.0,0.0,92,0,0.0,3.121012470151425,65.54126187317992,0.0,0.0,21,0.14479620247149613,2.2982441368635578,6.190179854631424,1,280.26996741757176,105.5599875226742,0,279.4644351464435,107.71243818942564,0.7,7,10,0.0,0.019871389018055158,0.377556391343048,0.00018783716950565577,0.0,4.79211776109878e-05,0.9082491699390657,0.10091657443767396,9,0.0,19,20bee6a55ca0dc1defe1b43988eace5e27057fdf2b7e5a107789c56f593cc898,0,0.0,0.1877718243776907,6.384242028841483,0.0,0.0,34,1,537,4,0.0,image_13200,13200,1.4747951299195672,5.050226241350174,1,246.06169166702963,295.09831895109164,246.3954341622503,296.5348552792499,0.5555555555555556,5,9,0.5411604014862708,0.06012893349847453,9,64,0,0.0,0.005417978391051292,0.0,3.639216950778239,65.5059051140083,0.0,0.0058639031641714405,0.0,18
0.4567436367684677,0.37502042836980687,1.0,1,1,0,0.6205784554753964,noop,0,0.008380692481587263,0.008380692481587263,3.9975903137171245,1.0,3.9975903137171245,477,0,1.4581393316133862,1.4581393316133862,142.89765449811185,1.0,142.89765449811185,98,0,3.280918104942102,3.280918104942102,68.89928020378414,1.0,68.89928020378414,21,0.0,2.1980676558011725,6.093464404344559,1,280.1382885919208,105.62020900659273,0,279.4644351464435,107.71243818942564,0.7,7,10,0.019821666577599144,0.019821666577599144,0.37661166497438375,0.0,1.0,0.0,0.9309144849860754,0.10343494277623061,9,0.37661166497438375,19,56b27d3ecc2b5269df935ea0449c2360fdb3622c2bddf3c8174538d92a959ef6,0,0.19049578905308523,0.19049578905308523,7.238839984017239,1.0,7.238839984017239,38,1,0,5,1.0,image_13200,13200,80.2038018024219,5.055780798196793,1,182.20387573960608,295.1335054621755,262.3954341622503,296.5348552792499,0.0,0,14,0.4583573162391015,0.050928590693233494,9,80,0,0.23809523809523808,0.25900202989578247,3.4195830837662577,3.4195830837662577,71.81124475909141,1.0,0.0070526912881002084,71.81124475909141,21
0.33598547011873997,0.40953265033827496,0.0,0,1,0,0.6205784554753964,copy_repair,0,0.008380692481587263,0.008380692481587263,3.9975903137171245,1.0,3.9975903137171245,477,0,0.41619416988565444,1.4581393316133862,142.89765449811185,0.28542825837168007,40.787028648794134,98,0,0.48618865842640424,3.280918104942102,68.89928020378414,0.14818677055487917,10.209961826954489,21,0.0,2.1980676558011725,6.093464404344559,1,280.1382885919208,105.62020900659273,0,279.4644351464435,107.71243818942564,0.7,7,10,0.019821666577599144,0.019821666577599144,0.37661166497438375,0.0,1.0,0.0,0.9309144849860754,0.10343494277623061,9,0.37661166497438375,19,6f69c1d7eaca638dac74cd544a1babc574d845862670a3156722ff6741e6d6f4,0,0.19049578905308523,0.19049578905308523,7.238839984017239,1.0,7.238839984017239,38,1,0,5,0.2717639407861513,image_13200,13200,1.4143818222461602,5.055780798196793,1,262.2038757396061,295.1335054621755,262.3954341622503,296.5348552792499,0.5555555555555556,5,9,0.5483286325219705,0.06092540361355228,9,80,0,0.0,0.04886981472373009,1.3519017755525393,3.4195830837662577,71.81124475909141,0.3953411110174234,0.014910419870410405,28.389937286603327,21
0.4567436367684677,0.37502042836980687,1.0,1,1,0,0.6205784554753964,wrong_direction,0,0.14675424842386822,0.008380692481587263,3.9975903137171245,17.51099312452921,70.00177649818514,477,0,1.7540920743768558,1.4581393316133862,142.89765449811185,1.2029660241288513,171.90102328893187,98,0,3.280918104942102,3.280918104942102,68.89928020378414,1.0,68.89928020378414,21,0.0,2.1980676558011725,6.093464404344559,1,280.1382885919208,105.62020900659273,0,279.4644351464435,107.71243818942564,0.7,7,10,0.019821666577599144,0.019821666577599144,0.37661166497438375,0.0,1.0,0.0,0.9309144849860754,0.10343494277623061,9,0.37661166497438375,19,1e6bcd410e3b6488c1df63c50809d1db91da4a4c4d68a12353b11ac8981ed4a4,0,0.35945605428571836,0.19049578905308523,7.238839984017239,1.8869501319294213,13.659330062857297,38,1,21,5,0.6976705555087117,image_13200,13200,160.19768778351718,5.055780798196793,1,102.20387573960608,295.1335054621755,262.3954341622503,296.5348552792499,0.0,0,14,0.4583573162391015,0.050928590693233494,9,80,0,0.0,0.04886981472373009,1.3519017755525393,3.4195830837662577,71.81124475909141,0.3953411110174234,0.014910419870410405,28.389937286603327,21
0.33832157516809136,0.4032549614475742,0.0,0,1,0,0.6205784554753964,genuine_target,0,0.0,0.008380692481587263,3.9975903137171245,0.0,0.0,477,0,0.0,1.4581393316133862,142.89765449811185,0.0,0.0,98,0,0.0,3.280918104942102,68.89928020378414,0.0,0.0,21,0.1706153720854414,2.2688134576341734,5.993292421102524,1,280.3083455116349,105.60641591958506,0,279.4644351464435,107.71243818942564,0.7,7,10,0.0,0.019821666577599144,0.37661166497438375,0.00018463256128598005,0.0,4.227351018926129e-05,0.9252742044080147,0.10280824493422386,9,0.0,19,6003d43a5ede97e693ec70843d0c06460ea0f537e6b8b83baa97bdfe12dc8bef,0,0.0,0.19049578905308523,7.238839984017239,0.0,0.0,38,1,534,5,0.0,image_13200,13200,1.6034988925376972,4.6980229914188385,1,262.4682026349831,294.9330083927636,262.3954341622503,296.5348552792499,0.4444444444444444,4,9,0.5381207564585603,0.05979119516206225,9,80,0,0.0,0.006494617089629173,0.0,3.4195830837662577,71.81124475909141,0.0,0.0060383550759396986,0.0,21
0.11450994981055956,0.7375171220815944,0.0,0,1,0,0.744710950599384,noop,1,0.0,0.0,0.0,,0.0,521,1,0.0,0.0,0.0,,0.0,31,1,0.0,0.0,0.0,,0.0,18,0.0,1.3860959044409067,2.506054401397705,1,292.77169262290323,137.24256727662825,1,291.66313441160065,136.41048522030118,0.2857142857142857,2,7,0.0,0.0,0.0,0.0,,0.0,0.1903200296248293,0.03172000493747155,6,0.0,13,ba1ebb92748a18dfde924d32bc4f649d029e558d16552909f903794bcda68cdd,1,0.0,0.0,0.0,,0.0,24,0,0,0,,image_13201,13201,2.3930481190325414,7.664819210767746,1,246.25716785213564,250.5269213527323,245.3343476607075,252.73488018257893,0.8,8,10,1.4874148168320285,0.18592685210400356,8,0,1,,,,,0.0,,,0.0,0
0.11450994981055956,0.7375171220815944,0.0,0,1,0,0.744710950599384,copy_repair,1,0.0,0.0,0.0,,0.0,521,1,0.0,0.0,0.0,,0.0,31,1,0.0,0.0,0.0,,0.0,18,0.0,1.3860959044409067,2.506054401397705,1,292.77169262290323,137.24256727662825,1,291.66313441160065,136.41048522030118,0.2857142857142857,2,7,0.0,0.0,0.0,0.0,,0.0,0.1903200296248293,0.03172000493747155,6,0.0,13,ba1ebb92748a18dfde924d32bc4f649d029e558d16552909f903794bcda68cdd,1,0.0,0.0,0.0,,0.0,24,0,0,0,,image_13201,13201,2.3930481190325414,7.664819210767746,1,246.25716785213564,250.5269213527323,245.3343476607075,252.73488018257893,0.8,8,10,1.4874148168320285,0.18592685210400356,8,0,1,,,,,0.0,,,0.0,0
0.11450994981055956,0.7375171220815944,0.0,0,1,0,0.744710950599384,wrong_direction,1,0.0,0.0,0.0,,0.0,521,1,0.0,0.0,0.0,,0.0,31,1,0.0,0.0,0.0,,0.0,18,0.0,1.3860959044409067,2.506054401397705,1,292.77169262290323,137.24256727662825,1,291.66313441160065,136.41048522030118,0.2857142857142857,2,7,0.0,0.0,0.0,0.0,,0.0,0.1903200296248293,0.03172000493747155,6,0.0,13,ba1ebb92748a18dfde924d32bc4f649d029e558d16552909f903794bcda68cdd,1,0.0,0.0,0.0,,0.0,24,0,0,0,,image_13201,13201,2.3930481190325414,7.664819210767746,1,246.25716785213564,250.5269213527323,245.3343476607075,252.73488018257893,0.8,8,10,1.4874148168320285,0.18592685210400356,8,0,1,,,,,0.0,,,0.0,0
0.11450994981055956,0.7375171220815944,0.0,0,1,0,0.744710950599384,genuine_target,1,0.0,0.0,0.0,,0.0,521,1,0.0,0.0,0.0,,0.0,31,1,0.0,0.0,0.0,,0.0,18,0.0,1.3860959044409067,2.506054401397705,1,292.77169262290323,137.24256727662825,1,291.66313441160065,136.41048522030118,0.2857142857142857,2,7,0.0,0.0,0.0,0.0,,0.0,0.1903200296248293,0.03172000493747155,6,0.0,13,ba1ebb92748a18dfde924d32bc4f649d029e558d16552909f903794bcda68cdd,1,0.0,0.0,0.0,,0.0,24,0,0,0,,image_13201,13201,2.3930481190325414,7.664819210767746,1,246.25716785213564,250.5269213527323,245.3343476607075,252.73488018257893,0.8,8,10,1.4874148168320285,0.18592685210400356,8,0,1,,,,,0.0,,,0.0,0
0.17232747057405276,0.7078091742424865,0.0,0,1,0,0.744710950599384,noop,0,0.0023563788428714043,0.0023563788428714043,1.2111787252359019,1.0,1.2111787252359019,514,0,1.4121186199261602,1.4121186199261602,63.54533789667721,1.0,63.54533789667721,45,0,2.4105024326485407,2.4105024326485407,43.389043787673735,1.0,43.389043787673735,18,0.0,1.3860959044409067,2.506054401397705,1,292.77169262290323,137.24256727662825,0,291.66313441160065,136.41048522030118,0.2857142857142857,2,7,0.005851879257982432,0.005851879257982432,0.07607443035377162,0.0,1.0,0.0,0.1903200296248293,0.03172000493747155,6,0.07607443035377162,13,ba1ebb92748a18dfde924d32bc4f649d029e558d16552909f903794bcda68cdd,0,0.08816188758451639,0.08816188758451639,2.292209077197426,1.0,2.292209077197426,26,1,0,1,1.0,image_13201,13201,15.237993082237091,7.664819210767746,1,246.25716785213564,250.5269213527323,261.3343476607075,252.73488018257893,0.38461538461538464,5,13,1.3903062153531724,0.17378827691914656,8,16,0,0.0,0.10723106563091278,3.880702463374574,3.880702463374574,19.40351231687287,1.0,0.010738699254495599,19.40351231687287,5
0.11450994981055956,0.7375171220815944,0.0,0,1,0,0.744710950599384,copy_repair,0,0.0023563788428714043,0.0023563788428714043,1.2111787252359019,1.0,1.2111787252359019,514,0,0.11963789839333994,1.4121186199261602,63.54533789667721,0.08472227241051167,5.383705427700297,45,0,0.03790451972839312,2.4105024326485407,43.389043787673735,0.015724738218474026,0.6822813551110762,18,0.0,1.3860959044409067,2.506054401397705,1,292.77169262290323,137.24256727662825,0,291.66313441160065,136.41048522030118,0.2857142857142857,2,7,0.005851879257982432,0.005851879257982432,0.07607443035377162,0.0,1.0,0.0,0.1903200296248293,0.03172000493747155,6,0.07607443035377162,13,b40147333a7cc1a4171d33f5dedc784c9877893362c9347d583db05c5473d8fe,0,0.08816188758451639,0.08816188758451639,2.292209077197426,1.0,2.292209077197426,26,1,0,1,0.1096130783616277,image_13201,13201,2.3930481190325303,7.664819210767746,1,262.25716785213564,250.5269213527323,261.3343476607075,252.73488018257893,0.8,8,10,1.4867477994035578,0.18584347492544473,8,16,0,0.0,0.10395250469446182,0.7897284560917253,3.880702463374574,19.40351231687287,0.20350141850478137,0.006093956397416218,3.948642280458626,5
0.21543317066282136,0.6253430929798198,0.0,0,1,0,0.744710950599384,wrong_direction,0,0.0023563788428714043,0.0023563788428714043,1.2111787252359019,1.0,1.2111787252359019,514,0,1.977471349963696,1.4121186199261602,63.54533789667721,1.4003578184296572,88.98621074836632,45,0,2.957077903207713,2.4105024326485407,43.389043787673735,1.2267475291276193,53.22740225773884,18,0.0,1.3860959044409067,2.506054401397705,1,292.77169262290323,137.24256727662825,0,291.66313441160065,136.41048522030118,0.2857142857142857,2,7,0.005851879257982432,0.005851879257982432,0.07607443035377162,0.0,1.0,0.0,0.1903200296248293,0.03172000493747155,6,0.07607443035377162,13,8037659fdcaf3c37a10fb89ab0176c0d9a66af67dfc23d6546a70344f5dda425,0,0.7614979727542354,0.08816188758451639,2.292209077197426,8.637496242627806,19.79894729161012,26,1,5,1,1.0643047145461795,image_13201,13201,31.1555161576342,7.664819210767746,1,230.25716785213564,250.5269213527323,261.3343476607075,252.73488018257893,0.125,2,16,1.1143248873448122,0.13929061091810152,8,16,0,0.6,0.519351601600647,3.499857696816838,3.880702463374574,19.40351231687287,0.9018618999647394,0.021093660572315882,17.49928848408419,5
0.11912443448841922,0.7398338238693436,0.0,0,1,0,0.744710950599384,genuine_target,0,0.0,0.0023563788428714043,1.2111787252359019,0.0,0.0,514,0,0.0,1.4121186199261602,63.54533789667721,0.0,0.0,45,0,0.0,2.4105024326485407,43.389043787673735,0.0,0.0,18,0.11426384363447538,1.4858931257293775,2.5172887444496155,1,292.8851953244158,137.25573400406796,0,291.66313441160065,136.41048522030118,0.2857142857142857,2,7,0.0,0.005851879257982432,0.07607443035377162,1.9897848687833175e-05,0.0,1.61541101988405e-05,0.18894269436471528,0.03149044906078588,6,0.0,13,44cd8a3e7d73de2ba70909218a2c5f8aada2826f13b052b189b7a3b3acbbfb64,0,0.0,0.08816188758451639,2.292209077197426,0.0,0.0,26,1,553,1,0.0,image_13201,13201,2.2628800860322755,7.6391355991363525,1,262.1448396963914,250.62212630579762,261.3343476607075,252.73488018257893,0.8,8,10,1.4945485852969842,0.18681857316212302,8,16,0,0.0,0.011950726620852947,0.0,3.880702463374574,19.40351231687287,0.0,0.008570198528398281,0.0,5
0.2705993362497811,0.662553877180297,0.0,0,1,0,0.744710950599384,noop,0,0.005378164923042362,0.005378164923042362,2.726729615982477,1.0,2.726729615982477,507,0,1.6692041799983361,1.6692041799983361,93.47543407990682,1.0,93.47543407990682,56,0,3.1034996752158435,3.1034996752158435,55.86299415388518,1.0,55.86299415388518,18,0.0,1.3860959044409067,2.506054401397705,1,292.77169262290323,137.24256727662825,0,291.66313441160065,136.41048522030118,0.2857142857142857,2,7,0.01953371899965262,0.01953371899965262,0.25393834699548407,0.0,1.0,0.0,0.1903200296248293,0.03172000493747155,6,0.25393834699548407,13,ba1ebb92748a18dfde924d32bc4f649d029e558d16552909f903794bcda68cdd,0,0.1599070175207732,0.1599070175207732,4.6373035081024225,1.0,4.6373035081024225,29,1,0,2,1.0,image_13201,13201,31.1555161576342,7.664819210767746,1,246.25716785213564,250.5269213527323,277.3343476607075,252.73488018257893,0.125,2,16,1.2184103063274918,0.15230128829093648,8,32,0,0.3333333333333333,0.33953386545181274,4.0368219868202235,4.0368219868202235,36.33139788138201,1.0,0.018004596669943338,36.33139788138201,9
0.11450994981055956,0.7375171220815944,0.0,0,1,0,0.744710950599384,copy_repair,0,0.005378164923042362,0.005378164923042362,2.726729615982477,1.0,2.726729615982477,507,0,0.1990511475507407,1.6692041799983361,93.47543407990682,0.11924913077496553,11.14686426284148,56,0,0.07843171162170245,3.1034996752158435,55.86299415388518,0.025272021855857824,1.4117708091906442,18,0.0,1.3860959044409067,2.506054401397705,1,292.77169262290323,137.24256727662825,0,291.66313441160065,136.41048522030118,0.2857142857142857,2,7,0.01953371899965262,0.01953371899965262,0.25393834699548407,0.0,1.0,0.0,0.1903200296248293,0.03172000493747155,6,0.25393834699548407,13,86f59b07bb1cef71f708dce431010e1e481a210a44e47801e39a65bc5a906ca5,0,0.1599070175207732,0.1599070175207732,4.6373035081024225,1.0,4.6373035081024225,29,1,0,2,0.1289823656238419,image_13201,13201,2.3930481190325303,7.664819210767746,1,278.25716785213564,250.5269213527323,277.3343476607075,252.73488018257893,0.8,8,10,1.4865698714226323,0.18582123392782904,8,32,0,0.0,0.09349296987056732,0.939339045445692,4.0368219868202235,36.33139788138201,0.232692709391826,0.006071912417377326,8.454051409011228,9
0.2624421875217735,0.569816066710711,0.0,0,1,0,0.744710950599384,wrong_direction,0,0.028450909142929037,0.005378164923042362,2.726729615982477,5.290077479965919,14.424610935465022,507,0,2.2670620854529666,1.6692041799983361,93.47543407990682,1.3581694274544809,126.95547678536613,56,0,3.32325616554673,3.1034996752158435,55.86299415388518,1.0708092519183534,59.81861097984114,18,0.0,1.3860959044409067,2.506054401397705,1,292.77169262290323,137.24256727662825,0,291.66313441160065,136.41048522030118,0.2857142857142857,2,7,0.01953371899965262,0.01953371899965262,0.25393834699548407,0.0,1.0,0.0,0.1903200296248293,0.03172000493747155,6,0.25393834699548407,13,f9dad25e79c2f9400c1a57184acca0e748dd8084703e0d850a5b1a69a6a25bb7,0,0.9865700367072174,0.1599070175207732,4.6373035081024225,6.169648161807872,28.610531064509306,29,1,9,2,0.9508127391226957,image_13201,13201,63.11581176533505,7.664819210767746,1,214.25716785213564,250.5269213527323,277.3343476607075,252.73488018257893,0.0,0,18,0.9001771494847932,0.11252214368559915,8,32,0,0.5555555555555556,0.5497337579727173,3.3538572094439947,4.0368219868202235,36.33139788138201,0.8308162263270381,0.027409841217662063,30.18471488499595,9
0.12202444533236645,0.7364535383615504,0.0,0,1,0,0.744710950599384,genuine_target,0,0.0,0.005378164923042362,2.726729615982477,0.0,0.0,507,0,0.0,1.6692041799983361,93.47543407990682,0.0,0.0,56,0,0.0,3.1034996752158435,55.86299415388518,0.0,0.0,18,0.20645262385128332,1.571633703447084,2.5505921244621277,1,292.97556620322547,137.2750980181149,0,291.66313441160065,136.41048522030118,0.2857142857142857,2,7,0.0,0.01953371899965262,0.25393834699548407,9.356231021229178e-05,0.0,3.8996204239083454e-05,0.18680450819789282,0.031134084699648804,6,0.0,13,868b75c6a517817f967eac61b1b7ce094effec2853588ceafd1c45ac7efb5e8b,0,0.0,0.1599070175207732,4.6373035081024225,0.0,0.0,29,1,549,2,0.0,image_13201,13201,3.2006241113634917,7.2591812312603,1,277.9784156187728,249.59972928228163,277.3343476607075,252.73488018257893,0.8,8,10,1.4810015713707023,0.1851251964213378,8,32,0,0.0,0.009753075428307056,0.0,4.0368219868202235,36.33139788138201,0.0,0.010842764953657859,0.0,9
0.3556649846231309,0.6415427232791289,0.0,0,1,0,0.744710950599384,noop,0,0.007838107246553717,0.007838107246553717,3.9190536232768585,1.0,3.9190536232768585,500,0,1.8008713943981238,1.8008713943981238,120.6583834246743,1.0,120.6583834246743,67,0,3.6775195541773957,3.6775195541773957,66.19535197519312,1.0,66.19535197519312,18,0.0,1.3860959044409067,2.506054401397705,1,292.77169262290323,137.24256727662825,0,291.66313441160065,136.41048522030118,0.2857142857142857,2,7,0.039914984118586114,0.039914984118586114,0.5188947935416195,0.0,1.0,0.0,0.1903200296248293,0.03172000493747155,6,0.5188947935416195,13,ba1ebb92748a18dfde924d32bc4f649d029e558d16552909f903794bcda68cdd,0,0.1803848985304325,0.1803848985304325,5.77231675297384,1.0,5.77231675297384,32,1,0,3,1.0,image_13201,13201,47.12892891762878,7.664819210767746,1,246.25716785213564,250.5269213527323,293.3343476607075,252.73488018257893,0.0,0,18,1.124423730379493,0.14055296629743663,8,48,0,0.46153846153846156,0.4495474398136139,4.061287702224633,4.061287702224633,52.796740128920234,1.0,0.02739059725803124,52.796740128920234,13
0.11450994981055956,0.7375171220815944,0.0,0,1,0,0.744710950599384,copy_repair,0,0.007838107246553717,0.007838107246553717,3.9190536232768585,1.0,3.9190536232768585,500,0,0.26722413075273116,1.8008713943981238,120.6583834246743,0.14838601556111738,17.904016760432988,67,0,0.09900233344472917,3.6775195541773957,66.19535197519312,0.026920953644493796,1.782042002005125,18,0.0,1.3860959044409067,2.506054401397705,1,292.77169262290323,137.24256727662825,0,291.66313441160065,136.41048522030118,0.2857142857142857,2,7,0.039914984118586114,0.039914984118586114,0.5188947935416195,0.0,1.0,0.0,0.1903200296248293,0.03172000493747155,6,0.5188947935416195,13,bc6e85c21e2593c59a201482f79f488684f60bfb817ceeb3ed138e74210702c3,0,0.1803848985304325,0.1803848985304325,5.77231675297384,1.0,5.77231675297384,32,1,0,3,0.15035987063490197,image_13201,13201,2.3930481190325303,7.664819210767746,1,294.25716785213564,250.5269213527323,293.3343476607075,252.73488018257893,0.8,8,10,1.488112390463323,0.1860140488079154,8,48,0,0.0,0.08113609999418259,1.1119756490666861,4.061287702224633,52.796740128920234,0.2737987876253101,0.007755266972863316,14.45568343786692,13
0.3093358673039892,0.6079832152984732,0.0,0,1,0,0.744710950599384,wrong_direction,0,0.06634233210547966,0.007838107246553717,3.9190536232768585,8.46407557572643,33.17116605273983,500,0,2.2725429657341847,1.8008713943981238,120.6583834246743,1.2619129676906773,152.26037870419037,67,0,3.860429784184917,3.6775195541773957,66.19535197519312,1.0497373915523436,69.4877361153285,18,0.0,1.3860959044409067,2.506054401397705,1,292.77169262290323,137.24256727662825,0,291.66313441160065,136.41048522030118,0.2857142857142857,2,7,0.039914984118586114,0.039914984118586114,0.5188947935416195,0.0,1.0,0.0,0.1903200296248293,0.03172000493747155,6,0.5188947935416195,13,6ceff4b8dc031c5c5f98327f05fb160546ab0a36f080010c6cf4926dfca9210e,0,0.8790797268883523,0.1803848985304325,5.77231675297384,4.873355441891628,28.130551260427275,32,1,13,3,0.8042041647782403,image_13201,13201,95.10281385188246,7.664819210767746,1,198.25716785213564,250.5269213527323,293.3343476607075,252.73488018257893,0.0,0,18,1.0120734062668657,0.1265091757833582,8,48,0,0.15384615384615385,0.20367921888828278,2.2689234101065026,4.061287702224633,52.796740128920234,0.5586709380041371,0.014905178475622425,29.496004331384533,13
0.12006319892541835,0.7312251409115705,0.0,0,1,0,0.744710950599384,genuine_target,0,0.0,0.007838107246553717,3.9190536232768585,0.0,0.0,500,0,0.0,1.8008713943981238,120.6583834246743,0.0,0.0,67,0,0.0,3.6775195541773957,66.19535197519312,0.0,0.0,18,1.702168635582999,1.807180755680514,2.8525251746177673,1,293.2886487784938,135.62079836671552,0,291.66313441160065,136.41048522030118,0.2857142857142857,2,7,0.0,0.039914984118586114,0.5188947935416195,0.00032215629471465945,0.0,7.737196574453264e-05,0.18931232657170702,0.03155205442861784,6,0.0,13,02aa785db34b230a8889c0a6c38aa6e7b541f136131825d8f886d60e60dd6e89,0,0.0,0.1803848985304325,5.77231675297384,0.0,0.0,32,1,545,3,0.0,image_13201,13201,3.3663815415046994,7.256868690252304,1,294.1657291345667,249.47277510641916,293.3343476607075,252.73488018257893,0.8,8,10,1.46550754675685,0.18318844334460624,8,48,0,0.0,0.009012419730424881,0.0,4.061287702224633,52.796740128920234,0.0,0.013740762938819808,0.0,13
0.35744549570574774,0.6282450518373884,0.0,0,1,0,0.744710950599384,noop,0,0.011821433185749962,0.011821433185749962,5.839787993760481,1.0,5.839787993760481,494,0,1.779633739657565,1.779633739657565,135.25216421397494,1.0,135.25216421397494,76,0,3.7009678794236343,3.7009678794236343,66.61742182962541,1.0,66.61742182962541,18,0.0,1.3860959044409067,2.506054401397705,1,292.77169262290323,137.24256727662825,0,291.66313441160065,136.41048522030118,0.2857142857142857,2,7,0.044813436166004784,0.044813436166004784,0.5825746701580622,0.0,1.0,0.0,0.1903200296248293,0.03172000493747155,6,0.5825746701580622,13,ba1ebb92748a18dfde924d32bc4f649d029e558d16552909f903794bcda68cdd,0,0.18018717329081949,0.18018717329081949,6.306551065178682,1.0,6.306551065178682,35,1,0,4,1.0,image_13201,13201,63.11581176533505,7.664819210767746,1,246.25716785213564,250.5269213527323,309.3343476607075,252.73488018257893,0.0,0,18,1.0839338660823217,0.1354917332602902,8,64,0,0.5,0.4948699474334717,4.1713236437114105,4.1713236437114105,66.74117829938257,1.0,0.031283990185960966,66.74117829938257,16
0.11450994981055956,0.7375171220815944,0.0,0,1,0,0.744710950599384,copy_repair,0,0.011821433185749962,0.011821433185749962,5.839787993760481,1.0,5.839787993760481,494,0,0.3017161615775272,1.779633739657565,135.25216421397494,0.16953834648897084,22.930428279892066,76,0,0.16527032402006758,3.7009678794236343,66.61742182962541,0.04465597362758138,2.9748658323612163,18,0.0,1.3860959044409067,2.506054401397705,1,292.77169262290323,137.24256727662825,0,291.66313441160065,136.41048522030118,0.2857142857142857,2,7,0.044813436166004784,0.044813436166004784,0.5825746701580622,0.0,1.0,0.0,0.1903200296248293,0.03172000493747155,6,0.5825746701580622,13,a5a94ec7e87e474cd3c1e81881c59e5365cb67cffb7d7af4c07780577e969afe,0,0.18018717329081949,0.18018717329081949,6.306551065178682,1.0,6.306551065178682,35,1,0,4,0.15764173780529064,image_13201,13201,2.3930481190325303,7.664819210767746,1,310.25716785213564,250.5269213527323,309.3343476607075,252.73488018257893,0.8,8,10,1.4892324397411358,0.18615405496764198,8,64,0,0.0,0.08080732077360153,1.128874897660244,4.1713236437114105,66.74117829938257,0.2706275019829999,0.009242802127360153,18.061998362563905,16
0.35744549570574774,0.6282450518373884,0.0,0,1,0,0.744710950599384,wrong_direction,0,0.11020229622408456,0.011821433185749962,5.839787993760481,9.322244984383696,54.439934334697774,494,0,2.086120553038786,1.779633739657565,135.25216421397494,1.1722190395424819,158.54516203094775,76,0,3.868736126634275,3.7009678794236343,66.61742182962541,1.0453309114470801,69.63725027941695,18,0.0,1.3860959044409067,2.506054401397705,1,292.77169262290323,137.24256727662825,0,291.66313441160065,136.41048522030118,0.2857142857142857,2,7,0.044813436166004784,0.044813436166004784,0.5825746701580622,0.0,1.0,0.0,0.1903200296248293,0.03172000493747155,6,0.5825746701580622,13,0867d69b2b6d75de0d74c2ff772a0602a0a19eed56606ab5b977355730ddc21a,0,0.6224068109118888,0.18018717329081949,6.306551065178682,3.4542237360443697,21.784238381916108,35,1,16,4,0.6944972587672491,image_13201,13201,127.09635994116593,7.664819210767746,1,182.25716785213564,250.5269213527323,309.3343476607075,252.73488018257893,0.0,0,18,1.0839338660823217,0.1354917332602902,8,64,0,0.0,0.07175488024950027,1.4335321255555715,4.1713236437114105,66.74117829938257,0.343663606087418,0.0107784939275333,22.936514008889144,16
0.11781180227594908,0.7272282845889323,0.0,0,1,0,0.744710950599384,genuine_target,0,0.0,0.011821433185749962,5.839787993760481,0.0,0.0,494,0,0.0,1.779633739657565,135.25216421397494,0.0,0.0,76,0,0.0,3.7009678794236343,66.61742182962541,0.0,0.0,18,0.30431029382073793,1.6558180557403364,2.5196710228919983,1,293.0740318924119,137.27714647613084,0,291.66313441160065,136.41048522030118,0.2857142857142857,2,7,0.0,0.044813436166004784,0.5825746701580622,0.00017172856314573437,0.0,0.00014630897203460336,0.19535568677867782,0.032559281129779634,6,0.0,13,351688899420936232d1cfd083d7933f6b929f81205c0d9aae49df329e5c080a,0,0.0,0.18018717329081949,6.306551065178682,0.0,0.0,35,1,542,4,0.0,image_13201,13201,3.2756380233090043,7.2473766803741455,1,310.0277663103535,249.533478140337,309.3343476607075,252.73488018257893,0.8,8,10,1.4538927372102248,0.1817365921512781,8,64,0,0.0,0.00922292098402977,0.0,4.1713236437114105,66.74117829938257,0.0,0.015219082292984827,0.0,16
0.3707072404073845,0.6323148877853351,0.0,0,1,0,0.744710950599384,noop,0,0.01182924272212483,0.01182924272212483,5.772670448396918,1.0,5.772670448396918,488,0,1.9268440237436895,1.9268440237436895,148.36698982826408,1.0,148.36698982826408,77,0,4.037459494413108,4.037459494413108,72.67427089943594,1.0,72.67427089943594,18,0.0,1.3860959044409067,2.506054401397705,1,292.77169262290323,137.24256727662825,0,291.66313441160065,136.41048522030118,0.2857142857142857,2,7,0.048410117333785384,0.048410117333785384,0.62933152533921,0.0,1.0,0.0,0.1903200296248293,0.03172000493747155,6,0.62933152533921,13,ba1ebb92748a18dfde924d32bc4f649d029e558d16552909f903794bcda68cdd,0,0.18636359732724098,0.18636359732724098,7.268180295762398,1.0,7.268180295762398,39,1,0,5,1.0,image_13201,13201,79.107998639022,7.664819210767746,1,246.25716785213564,250.5269213527323,325.3343476607075,252.73488018257893,0.0,0,18,1.098296038196266,0.13728700477453326,8,80,0,0.4444444444444444,0.4448232650756836,4.11393605132352,4.11393605132352,74.05084892382337,1.0,0.030446427179388544,74.05084892382337,18
0.11450994981055956,0.7375171220815944,0.0,0,1,0,0.744710950599384,copy_repair,0,0.01182924272212483,0.01182924272212483,5.772670448396918,1.0,5.772670448396918,488,0,0.331842861303946,1.9268440237436895,148.36698982826408,0.17222092562490054,25.551900320403846,77,0,0.18579420126561852,4.037459494413108,72.67427089943594,0.04601760129673471,3.3442956227811336,18,0.0,1.3860959044409067,2.506054401397705,1,292.77169262290323,137.24256727662825,0,291.66313441160065,136.41048522030118,0.2857142857142857,2,7,0.048410117333785384,0.048410117333785384,0.62933152533921,0.0,1.0,0.0,0.1903200296248293,0.03172000493747155,6,0.62933152533921,13,8e8f4e3f10d04d3d274bfcfcdeaafa91c855bd3ce1d936f4155c228b09c4dd98,0,0.18636359732724098,0.18636359732724098,7.268180295762398,1.0,7.268180295762398,39,1,0,5,0.16187104862728027,image_13201,13201,2.3930481190325303,7.664819210767746,1,326.25716785213564,250.5269213527323,325.3343476607075,252.73488018257893,0.8,8,10,1.4876984504754813,0.18596230630943517,8,80,0,0.0,0.0830731987953186,1.142540816256553,4.11393605132352,74.05084892382337,0.27772449595782583,0.009776584615121701,20.56573469261795,18
0.3707072404073845,0.6323148877853351,0.0,0,1,0,0.744710950599384,wrong_direction,0,0.14734081438557917,0.01182924272212483,5.772670448396918,12.455642161268717,71.90231742016263,488,0,2.15403021884825,1.9268440237436895,148.36698982826408,1.1179058565742948,165.86032685131525,77,0,4.037459494413108,4.037459494413108,72.67427089943594,1.0,72.67427089943594,18,0.0,1.3860959044409067,2.506054401397705,1,292.77169262290323,137.24256727662825,0,291.66313441160065,136.41048522030118,0.2857142857142857,2,7,0.048410117333785384,0.048410117333785384,0.62933152533921,0.0,1.0,0.0,0.1903200296248293,0.03172000493747155,6,0.62933152533921,13,db955381472489acccad9feca1f3184b34b843b170ab1d7ea202c5e4188cb4a8,0,0.3106919122629047,0.18636359732724098,7.268180295762398,1.6671276832961763,12.116984578253284,39,1,18,5,0.6388622479789129,image_13201,13201,159.09250207990007,7.664819210767746,1,166.25716785213564,250.5269213527323,325.3343476607075,252.73488018257893,0.0,0,18,1.098296038196266,0.13728700477453326,8,80,0,0.0,0.0830731987953186,1.142540816256553,4.11393605132352,74.05084892382337,0.27772449595782583,0.009776584615121701,20.56573469261795,18
0.11922778871240128,0.7306215552650078,0.0,0,1,0,0.744710950599384,genuine_target,0,0.0,0.01182924272212483,5.772670448396918,0.0,0.0,488,0,0.0,1.9268440237436895,148.36698982826408,0.0,0.0,77,0,0.0,4.037459494413108,72.67427089943594,0.0,0.0,18,2.550758790549627,3.908505643084989,2.2200975120067596,1,294.36653203365296,139.23326003581678,0,291.66313441160065,136.41048522030118,0.2857142857142857,2,7,0.0,0.048410117333785384,0.62933152533921,0.00012338622764218599,0.0,8.493009227095172e-05,0.19450564155746514,0.03241760692624419,6,0.0,13,763998a2b457d4ee1947cb41b3a1dbf77ede1994361fad241f4dde89c071a735,0,0.0,0.18636359732724098,7.268180295762398,0.0,0.0,39,1,540,5,0.0,image_13201,13201,3.197757793952784,7.165472537279129,1,325.8277982147411,249.57542430228725,325.3343476607075,252.73488018257893,0.8,8,10,1.463429504644492,0.1829286880805615,8,80,0,0.0,0.008814171887934208,0.0,4.11393605132352,74.05084892382337,0.0,0.016429059358675186,0.0,18
0.1955045408927937,0.7447646537628759,0.0,0,1,0,0.6747227456579276,noop,1,0.0,0.0,0.0,,0.0,525,1,0.0,0.0,0.0,,0.0,29,1,0.0,0.0,0.0,,0.0,15,0.0,3.564598115681148,2.333809345960617,1,176.5728725606438,126.94418474393072,1,173.3809258226436,128.53095370886783,0.5,3,6,0.0,0.0,0.0,0.0,,0.0,0.13428192614223788,0.03357048153555947,4,0.0,14,90f7b9a2a8896444f74f670fa59d2e3beb61d40d3a9eaf0471110ee89e988ef5,1,0.0,0.0,0.0,,0.0,22,0,0,0,,image_13202,13202,1.845433104765583,4.500599503517151,1,152.2315676860308,255.16101527887352,150.41584158415841,255.4908062234795,0.75,6,8,1.1444590778283148,0.19074317963805246,6,0,1,,,,,0.0,,,0.0,0
0.1955045408927937,0.7447646537628759,0.0,0,1,0,0.6747227456579276,copy_repair,1,0.0,0.0,0.0,,0.0,525,1,0.0,0.0,0.0,,0.0,29,1,0.0,0.0,0.0,,0.0,15,0.0,3.564598115681148,2.333809345960617,1,176.5728725606438,126.94418474393072,1,173.3809258226436,128.53095370886783,0.5,3,6,0.0,0.0,0.0,0.0,,0.0,0.13428192614223788,0.03357048153555947,4,0.0,14,90f7b9a2a8896444f74f670fa59d2e3beb61d40d3a9eaf0471110ee89e988ef5,1,0.0,0.0,0.0,,0.0,22,0,0,0,,image_13202,13202,1.845433104765583,4.500599503517151,1,152.2315676860308,255.16101527887352,150.41584158415841,255.4908062234795,0.75,6,8,1.1444590778283148,0.19074317963805246,6,0,1,,,,,0.0,,,0.0,0
0.1955045408927937,0.7447646537628759,0.0,0,1,0,0.6747227456579276,wrong_direction,1,0.0,0.0,0.0,,0.0,525,1,0.0,0.0,0.0,,0.0,29,1,0.0,0.0,0.0,,0.0,15,0.0,3.564598115681148,2.333809345960617,1,176.5728725606438,126.94418474393072,1,173.3809258226436,128.53095370886783,0.5,3,6,0.0,0.0,0.0,0.0,,0.0,0.13428192614223788,0.03357048153555947,4,0.0,14,90f7b9a2a8896444f74f670fa59d2e3beb61d40d3a9eaf0471110ee89e988ef5,1,0.0,0.0,0.0,,0.0,22,0,0,0,,image_13202,13202,1.845433104765583,4.500599503517151,1,152.2315676860308,255.16101527887352,150.41584158415841,255.4908062234795,0.75,6,8,1.1444590778283148,0.19074317963805246,6,0,1,,,,,0.0,,,0.0,0
0.1955045408927937,0.7447646537628759,0.0,0,1,0,0.6747227456579276,genuine_target,1,0.0,0.0,0.0,,0.0,525,1,0.0,0.0,0.0,,0.0,29,1,0.0,0.0,0.0,,0.0,15,0.0,3.564598115681148,2.333809345960617,1,176.5728725606438,126.94418474393072,1,173.3809258226436,128.53095370886783,0.5,3,6,0.0,0.0,0.0,0.0,,0.0,0.13428192614223788,0.03357048153555947,4,0.0,14,90f7b9a2a8896444f74f670fa59d2e3beb61d40d3a9eaf0471110ee89e988ef5,1,0.0,0.0,0.0,,0.0,22,0,0,0,,image_13202,13202,1.845433104765583,4.500599503517151,1,152.2315676860308,255.16101527887352,150.41584158415841,255.4908062234795,0.75,6,8,1.1444590778283148,0.19074317963805246,6,0,1,,,,,0.0,,,0.0,0
0.2655093911899248,0.7204697262923359,0.0,0,1,0,0.6747227456579276,noop,0,0.0012869829435849182,0.0012869829435849182,0.6679441477205725,1.0,0.6679441477205725,519,0,1.2183900123559888,1.2183900123559888,49.95399050659554,1.0,49.95399050659554,41,0,2.2940056996103975,2.2940056996103975,34.410085494155965,1.0,34.410085494155965,15,0.0,3.564598115681148,2.333809345960617,1,176.5728725606438,126.94418474393072,0,173.3809258226436,128.53095370886783,0.5,3,6,0.009385826768956326,0.009385826768956326,0.13140157476538855,0.0,1.0,0.0,0.13428192614223788,0.03357048153555947,4,0.13140157476538855,14,90f7b9a2a8896444f74f670fa59d2e3beb61d40d3a9eaf0471110ee89e988ef5,0,0.05072752613512518,0.05072752613512518,1.2174606272430042,1.0,1.2174606272430042,24,1,0,1,1.0,image_13202,13202,17.818778257896376,4.500599503517151,1,152.2315676860308,255.16101527887352,134.41584158415841,255.4908062234795,0.4,4,10,1.1091619824579133,0.18486033040965222,6,-16,0,0.25,0.18708296120166779,3.7702324540037075,3.7702324540037075,15.08092981601483,1.0,0.03121837398276136,15.08092981601483,4
0.1955045408927937,0.7447646537628759,0.0,0,1,0,0.6747227456579276,copy_repair,0,0.0012869829435849182,0.0012869829435849182,0.6679441477205725,1.0,0.6679441477205725,519,0,0.08647827485219328,1.2183900123559888,49.95399050659554,0.07097749815346163,3.5456092689399243,41,0,0.025942373111353407,2.2940056996103975,34.410085494155965,0.01130876576102637,0.3891355966703011,15,0.0,3.564598115681148,2.333809345960617,1,176.5728725606438,126.94418474393072,0,173.3809258226436,128.53095370886783,0.5,3,6,0.009385826768956326,0.009385826768956326,0.13140157476538855,0.0,1.0,0.0,0.13428192614223788,0.03357048153555947,4,0.13140157476538855,14,7cbe5d7736feeb2a38d96e0028e45dbe7a2b02fcef73b57995b99dffb4cd79f2,0,0.05072752613512518,0.05072752613512518,1.2174606272430042,1.0,1.2174606272430042,24,1,0,1,0.09495585529319504,image_13202,13202,1.845433104765583,4.500599503517151,1,136.2315676860308,255.16101527887352,134.41584158415841,255.4908062234795,0.75,6,8,1.143470588338374,0.190578431389729,6,-16,0,0.0,0.04150984436273575,0.6733746189612198,3.7702324540037075,15.08092981601483,0.1786029448253637,0.036585182321160536,2.693498475844879,4
0.30020623514903455,0.6560489194736794,0.0,0,1,0,0.6747227456579276,wrong_direction,0,0.0012869829435849182,0.0012869829435849182,0.6679441477205725,1.0,0.6679441477205725,519,0,1.924338988628748,1.2183900123559888,49.95399050659554,1.5794113289780443,78.89789853377867,41,0,3.0401458944485316,2.2940056996103975,34.410085494155965,1.3252564694869131,45.60218841672798,15,0.0,3.564598115681148,2.333809345960617,1,176.5728725606438,126.94418474393072,0,173.3809258226436,128.53095370886783,0.5,3,6,0.009385826768956326,0.009385826768956326,0.13140157476538855,0.0,1.0,0.0,0.13428192614223788,0.03357048153555947,4,0.13140157476538855,14,14374a3a092d828155d7b7d0387b206958a1caf8107b7ba414c1052b445c2007,0,0.6722545041385293,0.05072752613512518,1.2174606272430042,13.25226273301432,16.134108099324703,24,1,4,1,1.256626339207768,image_13202,13202,33.81733422172712,4.500599503517151,1,168.2315676860308,255.16101527887352,134.41584158415841,255.4908062234795,0.16666666666666666,2,12,0.9123789841795168,0.15206316402991946,6,-16,0,0.5,0.4834522604942322,4.479021862136062,3.7702324540037075,15.08092981601483,1.1879962089286225,0.04905675039989275,17.916087448544246,4
0.20369869791777812,0.7485004535096139,0.0,0,1,0,0.6747227456579276,genuine_target,0,0.0,0.0012869829435849182,0.6679441477205725,0.0,0.0,519,0,0.0,1.2183900123559888,49.95399050659554,0.0,0.0,41,0,0.0,2.2940056996103975,34.410085494155965,0.0,0.0,15,0.09524554650897675,3.658539887074451,2.237906277179718,1,176.64987977229006,126.88813473515053,0,173.3809258226436,128.53095370886783,0.5,3,6,0.0,0.009385826768956326,0.13140157476538855,0.00019209980382584035,0.0,2.9943712434032932e-05,0.13658324935095506,0.034145812337738765,4,0.0,14,1787b9716ab0fbcd3e7596edc77b4474a765866441d72d726900be7f5f1a0775,0,0.0,0.05072752613512518,1.2174606272430042,0.0,0.0,24,1,557,1,0.0,image_13202,13202,1.8471759956798361,4.433577716350555,1,136.22905958559855,255.13824468520676,134.41584158415841,255.4908062234795,0.625,5,8,1.1549069662628726,0.19248449437714543,6,-16,0,0.0,0.01311489287763834,0.0,3.7702324540037075,15.08092981601483,0.0,0.02962165362196547,0.0,4
0.3165354310529205,0.6637265274081223,0.0,0,1,0,0.6747227456579276,noop,0,0.0029549441722205535,0.0029549441722205535,1.515886360349144,1.0,1.515886360349144,513,0,1.528459848824972,1.528459848824972,81.00837198772352,1.0,81.00837198772352,53,0,3.138520281430858,3.138520281430858,47.07780422146287,1.0,47.07780422146287,15,0.0,3.564598115681148,2.333809345960617,1,176.5728725606438,126.94418474393072,0,173.3809258226436,128.53095370886783,0.5,3,6,0.017501436613059175,0.017501436613059175,0.24502011258282846,0.0,1.0,0.0,0.13428192614223788,0.03357048153555947,4,0.24502011258282846,14,90f7b9a2a8896444f74f670fa59d2e3beb61d40d3a9eaf0471110ee89e988ef5,0,0.07645125402504134,0.07645125402504134,1.9877326046510748,1.0,1.9877326046510748,26,1,0,2,1.0,image_13202,13202,33.81733422172712,4.500599503517151,1,152.2315676860308,255.16101527887352,118.41584158415841,255.4908062234795,0.16666666666666666,2,12,0.9328393172451448,0.15547321954085747,6,-32,0,0.375,0.3352676033973694,4.14238622027842,4.14238622027842,33.13908976222736,1.0,0.04018038485527184,33.13908976222736,8
0.1955045408927937,0.7447646537628759,0.0,0,1,0,0.6747227456579276,copy_repair,0,0.0029549441722205535,0.0029549441722205535,1.515886360349144,1.0,1.515886360349144,513,0,0.133334526922181,1.528459848824972,81.00837198772352,0.08723456296525163,7.066729926875594,53,0,0.05346367893287653,3.138520281430858,47.07780422146287,0.017034676898280973,0.8019551839931479,15,0.0,3.564598115681148,2.333809345960617,1,176.5728725606438,126.94418474393072,0,173.3809258226436,128.53095370886783,0.5,3,6,0.017501436613059175,0.017501436613059175,0.24502011258282846,0.0,1.0,0.0,0.13428192614223788,0.03357048153555947,4,0.24502011258282846,14,13ea3b6a0ef19e41eb3a9a2eca3d11f01fc66075c80a6a72faadb4b575a96235,0,0.07645125402504134,0.07645125402504134,1.9877326046510748,1.0,1.9877326046510748,26,1,0,2,0.0910980124827365,image_13202,13202,1.845433104765583,4.500599503517151,1,120.23156768603079,255.16101527887352,118.41584158415841,255.4908062234795,0.75,6,8,1.1411953874195433,0.19019923123659055,6,-32,0,0.0,0.04083871841430664,0.684162092356144,4.14238622027842,33.13908976222736,0.16516134806719202,0.03645783910350351,5.473296738849152,8
0.28796958150196483,0.5834166934999716,0.0,0,1,0,0.6747227456579276,wrong_direction,0,0.013695113426924439,0.0029549441722205535,1.515886360349144,4.634643711942945,7.025593188012237,513,0,2.195867209953455,1.528459848824972,81.00837198772352,1.4366535121230453,116.38096212753311,53,0,3.6108686298401396,3.138520281430858,47.07780422146287,1.1505003332952615,54.16302944760209,15,0.0,3.564598115681148,2.333809345960617,1,176.5728725606438,126.94418474393072,0,173.3809258226436,128.53095370886783,0.5,3,6,0.017501436613059175,0.017501436613059175,0.24502011258282846,0.0,1.0,0.0,0.13428192614223788,0.03357048153555947,4,0.24502011258282846,14,db87802162440fbba0b32b106857a1d014cf0d0f03340649bfc6a400c3301757,0,1.1129468237111593,0.07645125402504134,1.9877326046510748,14.5576006293712,28.936617416490144,26,1,8,2,1.0123150233506917,image_13202,13202,65.81655235868732,4.500599503517151,1,184.2315676860308,255.16101527887352,118.41584158415841,255.4908062234795,0.0,0,14,0.6973864733524172,0.11623107889206953,6,-32,0,0.375,0.3169516921043396,3.6209828795494428,4.14238622027842,33.13908976222736,0.8741297134061218,0.04196119295493555,28.967863036395542,8
0.2062247448473333,0.7512805575812441,0.0,0,1,0,0.6747227456579276,genuine_target,0,0.0,0.0029549441722205535,1.515886360349144,0.0,0.0,513,0,0.0,1.528459848824972,81.00837198772352,0.0,0.0,53,0,0.0,3.138520281430858,47.07780422146287,0.0,0.0,15,0.09700206276817509,3.6483629686880468,2.1983863413333893,1,176.669608878013,126.95136005459455,0,173.3809258226436,128.53095370886783,0.5,3,6,0.0,0.017501436613059175,0.24502011258282846,0.00041637313552200794,0.0,6.0452479374362156e-05,0.13713802621022553,0.03428450655255638,4,0.0,14,b93a8559172825f75d23dcaa1ea440766fae8ac40b7135ab432c42acec0ea259,0,0.0,0.07645125402504134,1.9877326046510748,0.0,0.0,26,1,553,2,0.0,image_13202,13202,2.296635610871877,4.740299046039581,1,120.11164850124334,253.94200861594913,118.41584158415841,255.4908062234795,0.75,6,8,1.1597746745653637,0.19329577909422727,6,-32,0,0.0,0.014421815052628517,0.0,4.14238622027842,33.13908976222736,0.0,0.02931921407432823,0.0,8
0.35517229289882585,0.6169614621462675,0.0,0,1,0,0.6747227456579276,noop,0,0.00506985437428746,0.00506985437428746,2.5704161677637423,1.0,2.5704161677637423,507,0,1.627524200813939,1.627524200813939,105.78907305290603,1.0,105.78907305290603,65,0,3.5613652009878454,3.5613652009878454,53.42047801481768,1.0,53.42047801481768,15,0.0,3.564598115681148,2.333809345960617,1,176.5728725606438,126.94418474393072,0,173.3809258226436,128.53095370886783,0.5,3,6,0.02574617833241392,0.02574617833241392,0.3604464966537949,0.0,1.0,0.0,0.13428192614223788,0.03357048153555947,4,0.3604464966537949,14,90f7b9a2a8896444f74f670fa59d2e3beb61d40d3a9eaf0471110ee89e988ef5,0,0.09479014683588917,0.09479014683588917,2.654124111404897,1.0,2.654124111404897,28,1,0,3,1.0,image_13202,13202,49.81681773381267,4.500599503517151,1,152.2315676860308,255.16101527887352,102.41584158415841,255.4908062234795,0.0,0,14,0.7719085482786651,0.12865142471311083,6,-48,0,0.4166666666666667,0.3514222204685211,4.272524524305801,4.272524524305801,51.270294291669614,1.0,0.039351213743354076,51.270294291669614,12
0.1955045408927937,0.7447646537628759,0.0,0,1,0,0.6747227456579276,copy_repair,0,0.00506985437428746,0.00506985437428746,2.5704161677637423,1.0,2.5704161677637423,507,0,0.16425284402968426,1.627524200813939,105.78907305290603,0.10092190576800025,10.676434861929478,65,0,0.0854630051637094,3.5613652009878454,53.42047801481768,0.023997259573380406,1.2819450774556411,15,0.0,3.564598115681148,2.333809345960617,1,176.5728725606438,126.94418474393072,0,173.3809258226436,128.53095370886783,0.5,3,6,0.02574617833241392,0.02574617833241392,0.3604464966537949,0.0,1.0,0.0,0.13428192614223788,0.03357048153555947,4,0.3604464966537949,14,6ecdeb70eac60074def469f64db9fa2d2b065a6c023145dd0801a4bc9befad94,0,0.09479014683588917,0.09479014683588917,2.654124111404897,1.0,2.654124111404897,28,1,0,3,0.09290502161330269,image_13202,13202,1.845433104765583,4.500599503517151,1,104.23156768603079,255.16101527887352,102.41584158415841,255.4908062234795,0.75,6,8,1.138736416000982,0.18978940266683034,6,-48,0,0.0,0.04579160735011101,0.6913490865045926,4.272524524305801,51.270294291669614,0.161812783653225,0.03458679496971424,8.296189038055111,12
0.3110462641962252,0.5812426370748325,0.0,0,1,0,0.6747227456579276,wrong_direction,0,0.049010852045432804,0.00506985437428746,2.5704161677637423,9.667112391629791,24.84850198703443,507,0,1.9330804699039994,1.627524200813939,105.78907305290603,1.1877429957337955,125.65023054375996,65,0,3.7612330655616035,3.5613652009878454,53.42047801481768,1.05612113706236,56.41849598342405,15,0.0,3.564598115681148,2.333809345960617,1,176.5728725606438,126.94418474393072,0,173.3809258226436,128.53095370886783,0.5,3,6,0.02574617833241392,0.02574617833241392,0.3604464966537949,0.0,1.0,0.0,0.13428192614223788,0.03357048153555947,4,0.3604464966537949,14,fb95787fce111c558e6f7ac88ca5f62581e3f17de95828680f6d46fb5dbee5d7,0,1.0186654045645056,0.09479014683588917,2.654124111404897,10.746532615126423,28.522631327806156,28,1,12,3,0.7229769529051691,image_13202,13202,97.8162820541839,4.500599503517151,1,200.2315676860308,255.16101527887352,102.41584158415841,255.4908062234795,0.0,0,14,0.6964178233794615,0.11606963722991025,6,-48,0,0.08333333333333333,0.11146219819784164,1.6655700648537681,4.272524524305801,51.270294291669614,0.389832768747978,0.035644972183446096,19.986840778245217,12
0.2050574072993082,0.7506692646114214,0.0,0,1,0,0.6747227456579276,genuine_target,0,0.0,0.00506985437428746,2.5704161677637423,0.0,0.0,507,0,0.0,1.627524200813939,105.78907305290603,0.0,0.0,65,0,0.0,3.5613652009878454,53.42047801481768,0.0,0.0,15,0.10044716438556558,3.625203761328423,2.1592049300670624,1,176.6622938750446,126.9899391028917,0,173.3809258226436,128.53095370886783,0.5,3,6,0.0,0.02574617833241392,0.3604464966537949,0.0006998783792369068,0.0,0.00010629455209709704,0.13845810253050886,0.034614525632627215,4,0.0,14,2cab6b5a4707569d86aab9c4c44830f70756aac33049994f3df4ca7516af7162,0,0.0,0.09479014683588917,2.654124111404897,0.0,0.0,28,1,549,3,0.0,image_13202,13202,2.2896372716452515,4.808576911687851,1,104.17632885351608,254.02686516929163,102.41584158415841,255.4908062234795,0.75,6,8,1.1567620462879797,0.19279367438132997,6,-48,0,0.0,0.013682856224477291,0.0,4.272524524305801,51.270294291669614,0.0,0.026761839267096504,0.0,12
0.33333753984234593,0.5968224723242852,0.0,0,1,0,0.6747227456579276,noop,0,0.006914629348053776,0.006914629348053776,3.464229303374942,1.0,3.464229303374942,501,0,1.726958159658184,1.726958159658184,122.61402933573106,1.0,122.61402933573106,71,0,4.036618120185145,4.036618120185145,60.549271802777184,1.0,60.549271802777184,15,0.0,3.564598115681148,2.333809345960617,1,176.5728725606438,126.94418474393072,0,173.3809258226436,128.53095370886783,0.5,3,6,0.03632652874278466,0.03632652874278466,0.5085714023989852,0.0,1.0,0.0,0.13428192614223788,0.03357048153555947,4,0.5085714023989852,14,90f7b9a2a8896444f74f670fa59d2e3beb61d40d3a9eaf0471110ee89e988ef5,0,0.10509532172749758,0.10509532172749758,3.3630502952799226,1.0,3.3630502952799226,32,1,0,4,1.0,image_13202,13202,65.81655235868732,4.500599503517151,1,152.2315676860308,255.16101527887352,86.41584158415841,255.4908062234795,0.0,0,14,0.7221511590444825,0.12035852650741374,6,-64,0,0.42857142857142855,0.3632393479347229,4.357806040938848,4.357806040938848,61.009284573143866,1.0,0.03888890597389981,61.009284573143866,14
0.1955045408927937,0.7447646537628759,0.0,0,1,0,0.6747227456579276,copy_repair,0,0.006914629348053776,0.006914629348053776,3.464229303374942,1.0,3.464229303374942,501,0,0.17416080987807428,1.726958159658184,122.61402933573106,0.10084830886264542,12.365417501343273,71,0,0.12333714495772889,4.036618120185145,60.549271802777184,0.030554573478472086,1.8500571743659333,15,0.0,3.564598115681148,2.333809345960617,1,176.5728725606438,126.94418474393072,0,173.3809258226436,128.53095370886783,0.5,3,6,0.03632652874278466,0.03632652874278466,0.5085714023989852,0.0,1.0,0.0,0.13428192614223788,0.03357048153555947,4,0.5085714023989852,14,d4b106a5e3a1ebf91e5bc5a3666b1f942c1243562e5e56791b58101a8f318dd2,0,0.10509532172749758,0.10509532172749758,3.3630502952799226,1.0,3.3630502952799226,32,1,0,4,0.09280554685041544,image_13202,13202,1.845433104765583,4.500599503517151,1,88.23156768603079,255.16101527887352,86.41584158415841,255.4908062234795,0.75,6,8,1.137275438448583,0.18954590640809718,6,-64,0,0.0,0.042225658893585205,0.6757062405119517,4.357806040938848,61.009284573143866,0.15505652022235877,0.03248062023717267,9.459887367167324,14
0.33333753984234593,0.5968224723242852,0.0,0,1,0,0.6747227456579276,wrong_direction,0,0.08346402878614068,0.006914629348053776,3.464229303374942,12.07064393258228,41.815478421856476,501,0,1.8307989647181602,1.726958159658184,122.61402933573106,1.060129311459711,129.98672649498937,71,0,4.0569955166394065,4.036618120185145,60.549271802777184,1.005048135802682,60.8549327495911,15,0.0,3.564598115681148,2.333809345960617,1,176.5728725606438,126.94418474393072,0,173.3809258226436,128.53095370886783,0.5,3,6,0.03632652874278466,0.03632652874278466,0.5085714023989852,0.0,1.0,0.0,0.13428192614223788,0.03357048153555947,4,0.5085714023989852,14,d85332aa9f00d71f8b69c10149faf1bbfbc99bd2fa8f3380f7c86f692aa7d89b,0,0.6376185256020901,0.10509532172749758,3.3630502952799226,6.067049561495951,20.403792819266883,32,1,14,4,0.6064781564623416,image_13202,13202,129.81614501063993,4.500599503517151,1,216.2315676860308,255.16101527887352,86.41584158415841,255.4908062234795,0.0,0,14,0.7221511590444825,0.12035852650741374,6,-64,0,0.0,0.03849271312355995,0.9060235102228409,4.357806040938848,61.009284573143866,0.20790817712200121,0.03167589520096266,12.684329143119772,14
0.20394584175608252,0.747486821655317,0.0,0,1,0,0.6747227456579276,genuine_target,0,0.0,0.006914629348053776,3.464229303374942,0.0,0.0,501,0,0.0,1.726958159658184,122.61402933573106,0.0,0.0,71,0,0.0,4.036618120185145,60.549271802777184,0.0,0.0,15,0.08693456706279923,3.590984478592524,2.1429281532764435,1,176.63264538468445,127.0073102416048,0,173.3809258226436,128.53095370886783,0.5,3,6,0.0,0.03632652874278466,0.5085714023989852,0.0008507558377459645,0.0,0.00018043009913526475,0.14065411976559986,0.035163529941399964,4,0.0,14,8594a1279e7147469ec2431ebe46cd5c6c5ae1a5d8aa6db493b5e7dbe5d92890,0,0.0,0.10509532172749758,3.3630502952799226,0.0,0.0,32,1,547,4,0.0,image_13202,13202,1.82717317737088,4.595731139183044,1,88.23161945774395,255.2870599746777,86.41584158415841,255.4908062234795,0.75,6,8,1.1469505590696756,0.1911584265116126,6,-64,0,0.0,0.012956010177731514,0.0,4.357806040938848,61.009284573143866,0.0,0.02570735596774128,0.0,14
0.33294727475054997,0.6239569694361623,0.0,0,1,0,0.6747227456579276,noop,0,0.00814623289773888,0.00814623289773888,4.032385284380745,1.0,4.032385284380745,495,0,1.7953298463354257,1.7953298463354257,131.05907878248607,1.0,131.05907878248607,73,0,4.383928212787733,4.383928212787733,65.758923191816,1.0,65.758923191816,15,0.0,3.564598115681148,2.333809345960617,1,176.5728725606438,126.94418474393072,0,173.3809258226436,128.53095370886783,0.5,3,6,0.047558968806048006,0.047558968806048006,0.6658255632846721,0.0,1.0,0.0,0.13428192614223788,0.03357048153555947,4,0.6658255632846721,14,90f7b9a2a8896444f74f670fa59d2e3beb61d40d3a9eaf0471110ee89e988ef5,0,0.09779506026312014,0.09779506026312014,3.6184172297354453,1.0,3.6184172297354453,37,1,0,5,1.0,image_13202,13202,81.81639077619927,4.500599503517151,1,152.2315676860308,255.16101527887352,70.41584158415841,255.4908062234795,0.0,0,14,0.7948250244114462,0.1324708374019077,6,-80,0,0.4,0.3403744101524353,4.288296187455106,4.288296187455106,64.3244428118266,1.0,0.036977470236727594,64.3244428118266,15
0.1955045408927937,0.7447646537628759,0.0,0,1,0,0.6747227456579276,copy_repair,0,0.00814623289773888,0.00814623289773888,4.032385284380745,1.0,4.032385284380745,495,0,0.18522672162673787,1.7953298463354257,131.05907878248607,0.10317141555063945,13.521550678751865,73,0,0.1603671463838829,4.383928212787733,65.758923191816,0.0365806962614257,2.405507195758244,15,0.0,3.564598115681148,2.333809345960617,1,176.5728725606438,126.94418474393072,0,173.3809258226436,128.53095370886783,0.5,3,6,0.047558968806048006,0.047558968806048006,0.6658255632846721,0.0,1.0,0.0,0.13428192614223788,0.03357048153555947,4,0.6658255632846721,14,4c5412896f4f293df47c5361b5de045a5199cbabe3c50cb9ae30ba977e085a56,0,0.09779506026312014,0.09779506026312014,3.6184172297354453,1.0,3.6184172297354453,37,1,0,5,0.09711210126905319,image_13202,13202,1.845433104765583,4.500599503517151,1,72.23156768603079,255.16101527887352,70.41584158415841,255.4908062234795,0.75,6,8,1.1375140039659537,0.18958566732765894,6,-80,0,0.0,0.04100935161113739,0.6760220469433449,4.288296187455106,64.3244428118266,0.15764350627668067,0.03133303700689973,10.140330704150173,15
0.33294727475054997,0.6239569694361623,0.0,0,1,0,0.6747227456579276,wrong_direction,0,0.10171976333243588,0.00814623289773888,4.032385284380745,12.486724183968501,50.35128284955576,495,0,1.7940392247161443,1.7953298463354257,131.05907878248607,0.999281122841067,130.96486340427853,73,0,4.383928212787733,4.383928212787733,65.758923191816,1.0,65.758923191816,15,0.0,3.564598115681148,2.333809345960617,1,176.5728725606438,126.94418474393072,0,173.3809258226436,128.53095370886783,0.5,3,6,0.047558968806048006,0.047558968806048006,0.6658255632846721,0.0,1.0,0.0,0.13428192614223788,0.03357048153555947,4,0.6658255632846721,14,eaf43f18567a231c5387ced0f068b5ce9dd07ea82819dc5ce584a2eb9c4e8b74,0,0.3078220647034955,0.09779506026312014,3.6184172297354453,3.147623856207995,11.389416394029332,37,1,15,5,0.5788217531383404,image_13202,13202,161.8160621691905,4.500599503517151,1,232.2315676860308,255.16101527887352,70.41584158415841,255.4908062234795,0.0,0,14,0.7948250244114462,0.1324708374019077,6,-80,0,0.0,0.04100935161113739,0.6760220469433449,4.288296187455106,64.3244428118266,0.15764350627668067,0.03133303700689973,10.140330704150173,15
0.20410365665951843,0.7451348565605933,0.0,0,1,0,0.6747227456579276,genuine_target,0,0.0,0.00814623289773888,4.032385284380745,0.0,0.0,495,0,0.0,1.7953298463354257,131.05907878248607,0.0,0.0,73,0,0.0,4.383928212787733,65.758923191816,0.0,0.0,15,0.06820481363699421,3.5667042809503826,2.144527494907379,1,176.6045290444332,127.00459801761579,0,173.3809258226436,128.53095370886783,0.5,3,6,0.0,0.047558968806048006,0.6658255632846721,0.0008430484449490905,0.0,0.0002724241930991411,0.14286197339845272,0.03571549334961318,4,0.0,14,9c1f687377beed3bf362fc511ce5e343a90aea7a9d0c773c821a30ebce18c22e,0,0.0,0.09779506026312014,3.6184172297354453,0.0,0.0,37,1,546,5,0.0,image_13202,13202,1.8817579320229318,4.601618707180023,1,72.2887551442572,255.30857639296502,70.41584158415841,255.4908062234795,0.75,6,8,1.140853117900795,0.19014218631679916,6,-80,0,0.0,0.012581042014062405,0.0,4.288296187455106,64.3244428118266,0.0,0.024280651571663578,0.0,15
0.20777550618327206,0.711059781337573,0.0,0,1,0,0.6494088969187866,noop,1,0.0,0.0,0.0,,0.0,527,1,0.0,0.0,0.0,,0.0,29,1,0.0,0.0,0.0,,0.0,14,0.0,2.7628540216918873,4.3241230845451355,1,149.9468349145965,289.23895518016815,1,147.48892032060348,290.5007072135785,0.625,5,8,0.0,0.0,0.0,0.0,,0.0,0.21437489764898446,0.035729149608164076,6,0.0,15,0402f7df0f5da5c9c15fab0f96dc96e25218ad23ba457d32f8f25511839f0d8a,1,0.0,0.0,0.0,,0.0,20,0,0,0,,image_13203,13203,1.2734370902774748,2.852292835712433,1,176.4549129528221,64.35118309864394,176.5468844525106,65.62129461584998,1.0,4,4,0.7024723113785578,0.17561807784463945,4,0,1,,,,,0.0,,,0.0,0
0.20777550618327206,0.711059781337573,0.0,0,1,0,0.6494088969187866,copy_repair,1,0.0,0.0,0.0,,0.0,527,1,0.0,0.0,0.0,,0.0,29,1,0.0,0.0,0.0,,0.0,14,0.0,2.7628540216918873,4.3241230845451355,1,149.9468349145965,289.23895518016815,1,147.48892032060348,290.5007072135785,0.625,5,8,0.0,0.0,0.0,0.0,,0.0,0.21437489764898446,0.035729149608164076,6,0.0,15,0402f7df0f5da5c9c15fab0f96dc96e25218ad23ba457d32f8f25511839f0d8a,1,0.0,0.0,0.0,,0.0,20,0,0,0,,image_13203,13203,1.2734370902774748,2.852292835712433,1,176.4549129528221,64.35118309864394,176.5468844525106,65.62129461584998,1.0,4,4,0.7024723113785578,0.17561807784463945,4,0,1,,,,,0.0,,,0.0,0
0.20777550618327206,0.711059781337573,0.0,0,1,0,0.6494088969187866,wrong_direction,1,0.0,0.0,0.0,,0.0,527,1,0.0,0.0,0.0,,0.0,29,1,0.0,0.0,0.0,,0.0,14,0.0,2.7628540216918873,4.3241230845451355,1,149.9468349145965,289.23895518016815,1,147.48892032060348,290.5007072135785,0.625,5,8,0.0,0.0,0.0,0.0,,0.0,0.21437489764898446,0.035729149608164076,6,0.0,15,0402f7df0f5da5c9c15fab0f96dc96e25218ad23ba457d32f8f25511839f0d8a,1,0.0,0.0,0.0,,0.0,20,0,0,0,,image_13203,13203,1.2734370902774748,2.852292835712433,1,176.4549129528221,64.35118309864394,176.5468844525106,65.62129461584998,1.0,4,4,0.7024723113785578,0.17561807784463945,4,0,1,,,,,0.0,,,0.0,0
0.20777550618327206,0.711059781337573,0.0,0,1,0,0.6494088969187866,genuine_target,1,0.0,0.0,0.0,,0.0,527,1,0.0,0.0,0.0,,0.0,29,1,0.0,0.0,0.0,,0.0,14,0.0,2.7628540216918873,4.3241230845451355,1,149.9468349145965,289.23895518016815,1,147.48892032060348,290.5007072135785,0.625,5,8,0.0,0.0,0.0,0.0,,0.0,0.21437489764898446,0.035729149608164076,6,0.0,15,0402f7df0f5da5c9c15fab0f96dc96e25218ad23ba457d32f8f25511839f0d8a,1,0.0,0.0,0.0,,0.0,20,0,0,0,,image_13203,13203,1.2734370902774748,2.852292835712433,1,176.4549129528221,64.35118309864394,176.5468844525106,65.62129461584998,1.0,4,4,0.7024723113785578,0.17561807784463945,4,0,1,,,,,0.0,,,0.0,0
0.3445563458794231,0.6827977665605202,0.0,0,1,0,0.6494088969187866,noop,0,0.001200482520459586,0.001200482520459586,0.6254513931594443,1.0,0.6254513931594443,521,0,1.166801308581952,1.166801308581952,47.83885365186003,1.0,47.83885365186003,41,0,2.4521834153456297,2.4521834153456297,34.330567814838815,1.0,34.330567814838815,14,0.0,2.7628540216918873,4.3241230845451355,1,149.9468349145965,289.23895518016815,0,147.48892032060348,290.5007072135785,0.625,5,8,0.002575979675940086,0.002575979675940086,0.03863969513910129,0.0,1.0,0.0,0.21437489764898446,0.035729149608164076,6,0.03863969513910129,15,0402f7df0f5da5c9c15fab0f96dc96e25218ad23ba457d32f8f25511839f0d8a,0,0.04265863215376323,0.04265863215376323,0.9384899073827911,1.0,0.9384899073827911,22,1,0,1,1.0,image_13203,13203,15.958651385153523,2.852292835712433,1,176.4549129528221,64.35118309864394,160.5468844525106,65.62129461584998,0.3333333333333333,2,6,0.6602839977767189,0.16507099944417972,4,-16,0,0.0,0.09585339576005936,3.286269591221604,3.286269591221604,13.145078364886416,1.0,0.004972279857578033,13.145078364886416,4
0.20777550618327206,0.711059781337573,0.0,0,1,0,0.6494088969187866,copy_repair,0,0.001200482520459586,0.001200482520459586,0.6254513931594443,1.0,0.6254513931594443,521,0,0.14196107492426321,1.166801308581952,47.83885365186003,0.12166688011071285,5.820404071894792,41,0,0.022631714970192226,2.4521834153456297,34.330567814838815,0.009229209702897504,0.31684400958269116,14,0.0,2.7628540216918873,4.3241230845451355,1,149.9468349145965,289.23895518016815,0,147.48892032060348,290.5007072135785,0.625,5,8,0.002575979675940086,0.002575979675940086,0.03863969513910129,0.0,1.0,0.0,0.21437489764898446,0.035729149608164076,6,0.03863969513910129,15,45a59598a08aeb2a3ac2c27c5a15fd0021b3b8d1b991f69434c6149eeb283ae9,0,0.04265863215376323,0.04265863215376323,0.9384899073827911,1.0,0.9384899073827911,22,1,0,1,0.20013845216103907,image_13203,13203,1.2734370902774748,2.852292835712433,1,160.4549129528221,64.35118309864394,160.5468844525106,65.62129461584998,1.0,4,4,0.7024833108198367,0.17562082770495918,4,-16,0,0.0,0.025393260642886162,1.2850881475443254,3.286269591221604,13.145078364886416,0.39104769461918065,0.0017573410295168197,5.140352590177302,4
0.40480329808223836,0.6100351456890337,0.0,0,1,0,0.6494088969187866,wrong_direction,0,0.001200482520459586,0.001200482520459586,0.6254513931594443,1.0,0.6254513931594443,521,0,1.7855394261999378,1.166801308581952,47.83885365186003,1.5302857590809154,73.20711647419745,41,0,3.2563027488924936,2.4521834153456297,34.330567814838815,1.327919734109092,45.58823848449491,14,0.0,2.7628540216918873,4.3241230845451355,1,149.9468349145965,289.23895518016815,0,147.48892032060348,290.5007072135785,0.625,5,8,0.002575979675940086,0.002575979675940086,0.03863969513910129,0.0,1.0,0.0,0.21437489764898446,0.035729149608164076,6,0.03863969513910129,15,077e92efe1fd8a03b35818180787c14be2ba0d92f93f107b60298638b2076aae,0,0.588175539961838,0.04265863215376323,0.9384899073827911,13.7879606134992,12.939861879160437,22,1,4,1,1.2441883800521525,image_13203,13203,31.93329713704538,2.852292835712433,1,192.4549129528221,64.35118309864394,160.5468844525106,65.62129461584998,0.0,0,8,0.512693140716726,0.1281732851791815,4,-16,0,0.5,0.40890181064605713,3.8135746364475267,3.286269591221604,13.145078364886416,1.160457025995213,0.029937427827307683,15.254298545790107,4
0.21525812095625407,0.7154569760091226,0.0,0,1,0,0.6494088969187866,genuine_target,0,0.0,0.001200482520459586,0.6254513931594443,0.0,0.0,521,0,0.0,1.166801308581952,47.83885365186003,0.0,0.0,41,0,0.0,2.4521834153456297,34.330567814838815,0.0,0.0,14,0.02042768205200267,2.7832522717185575,4.313535541296005,1,149.96447914402162,289.2286609409048,0,147.48892032060348,290.5007072135785,0.625,5,8,0.0,0.002575979675940086,0.03863969513910129,8.944261026044842e-06,0.0,1.0706849934649654e-05,0.2144748994645206,0.035745816577420104,6,0.0,15,d082a9542787cb9e91ea00cf93fa5774b5553fc6c1f1e008026e6365b0c05c66,0,0.0,0.04265863215376323,0.9384899073827911,0.0,0.0,22,1,558,1,0.0,image_13203,13203,1.2702394669560604,2.792101740837097,1,160.4746682872619,64.3531096416094,160.5468844525106,65.62129461584998,1.0,4,4,0.7102545405926959,0.17756363514817397,4,-16,0,0.0,0.0058118803426623344,0.0,3.286269591221604,13.145078364886416,0.0,0.004256759267527518,0.0,4
0.4328345189505165,0.6354801436283174,0.0,0,1,0,0.6494088969187866,noop,0,0.0033561384603240964,0.0033561384603240964,1.7284113070669096,1.0,1.7284113070669096,515,0,1.5121306969798887,1.5121306969798887,80.1429269399341,1.0,80.1429269399341,53,0,3.5716690952572825,3.5716690952572825,50.00336733360196,1.0,50.00336733360196,14,0.0,2.7628540216918873,4.3241230845451355,1,149.9468349145965,289.23895518016815,0,147.48892032060348,290.5007072135785,0.625,5,8,0.008507369850297323,0.008507369850297323,0.12761054775445985,0.0,1.0,0.0,0.21437489764898446,0.035729149608164076,6,0.12761054775445985,15,0402f7df0f5da5c9c15fab0f96dc96e25218ad23ba457d32f8f25511839f0d8a,0,0.07512046248142852,0.07512046248142852,1.8028910995542846,1.0,1.8028910995542846,24,1,0,2,1.0,image_13203,13203,31.93329713704538,2.852292835712433,1,176.4549129528221,64.35118309864394,144.5468844525106,65.62129461584998,0.0,0,8,0.5558727124270898,0.13896817810677245,4,-32,0,0.25,0.25237756967544556,3.6704570415515487,3.6704570415515487,29.36365633241239,1.0,0.016140393661176672,29.36365633241239,8
0.20777550618327206,0.711059781337573,0.0,0,1,0,0.6494088969187866,copy_repair,0,0.0033561384603240964,0.0033561384603240964,1.7284113070669096,1.0,1.7284113070669096,515,0,0.20335756682344666,1.5121306969798887,80.1429269399341,0.13448412047292188,10.777951041642673,53,0,0.09265684250843746,3.5716690952572825,50.00336733360196,0.025942168783629434,1.2971957951181246,14,0.0,2.7628540216918873,4.3241230845451355,1,149.9468349145965,289.23895518016815,0,147.48892032060348,290.5007072135785,0.625,5,8,0.008507369850297323,0.008507369850297323,0.12761054775445985,0.0,1.0,0.0,0.21437489764898446,0.035729149608164076,6,0.12761054775445985,15,3b8588d3492c4934f5ad4ccb794f49c9b840bc785443ab9d0c1eb07319319369,0,0.07512046248142852,0.07512046248142852,1.8028910995542846,1.0,1.8028910995542846,24,1,0,2,0.16119601718051765,image_13203,13203,1.2734370902774748,2.852292835712433,1,144.4549129528221,64.35118309864394,144.5468844525106,65.62129461584998,1.0,4,4,0.7024739652919723,0.17561849132299306,4,-32,0,0.0,0.0233094971626997,1.0881064965755995,3.6704570415515487,29.36365633241239,0.2964498655774059,0.002631923868104143,8.704851972604796,8
0.4222636330124965,0.5439149428473599,0.0,0,1,0,0.6494088969187866,wrong_direction,0,0.01662000622124112,0.0033561384603240964,1.7284113070669096,4.952121736847578,8.559303203939177,515,0,1.9108169092651341,1.5121306969798887,80.1429269399341,1.2636585667373355,101.27329619105211,53,0,3.7521862803075847,3.5716690952572825,50.00336733360196,1.0505414080184543,52.53060792430619,14,0.0,2.7628540216918873,4.3241230845451355,1,149.9468349145965,289.23895518016815,0,147.48892032060348,290.5007072135785,0.625,5,8,0.008507369850297323,0.008507369850297323,0.12761054775445985,0.0,1.0,0.0,0.21437489764898446,0.035729149608164076,6,0.12761054775445985,15,59186284cecb779ff38501cc100bebb2ed99750aa00871aaefc09207816f0a97,0,0.744138574543701,0.07512046248142852,1.8028910995542846,9.90593707710025,17.859325789048825,24,1,8,2,0.9523200149422119,image_13203,13203,63.92064838581322,2.852292835712433,1,208.4549129528221,64.35118309864394,144.5468844525106,65.62129461584998,0.0,0,8,0.4166155254933321,0.10415388137333302,4,-32,0,0.25,0.2124558687210083,3.134932300807421,3.6704570415515487,29.36365633241239,0.8540986218659694,0.008406458469010746,25.079458406459366,8
0.21672238431893126,0.7147637236951057,0.0,0,1,0,0.6494088969187866,genuine_target,0,0.0,0.0033561384603240964,1.7284113070669096,0.0,0.0,515,0,0.0,1.5121306969798887,80.1429269399341,0.0,0.0,53,0,0.0,3.5716690952572825,50.00336733360196,0.0,0.0,14,0.034710106501426224,2.793739490334066,4.3108125030994415,1,149.9815449163036,289.2390404728094,0,147.48892032060348,290.5007072135785,0.625,5,8,0.0,0.008507369850297323,0.12761054775445985,3.3867498132167384e-05,0.0,3.714005652000196e-05,0.21447110616976336,0.03574518436162723,6,0.0,15,e0ce4997ebc7312ecff8585b661422a93961a2a82398cb1d2ec5e0f8e110243e,0,0.0,0.07512046248142852,1.8028910995542846,0.0,0.0,24,1,554,2,0.0,image_13203,13203,1.30410923653492,2.7929545640945435,1,144.493553438322,64.31827631062886,144.5468844525106,65.62129461584998,1.0,4,4,0.7097681199845279,0.17744202999613198,4,-32,0,0.0,0.0073268902488052845,0.0,3.6704570415515487,29.36365633241239,0.0,0.004852859114785668,0.0,8
0.4466717210269344,0.5575335385327158,0.0,0,1,0,0.6494088969187866,noop,0,0.004730917702280789,0.004730917702280789,2.408037110460922,1.0,2.408037110460922,509,0,1.4445617633431775,1.4445617633431775,91.00739109062019,1.0,91.00739109062019,63,0,3.4198228360784113,3.4198228360784113,47.87751970509776,1.0,47.87751970509776,14,0.0,2.7628540216918873,4.3241230845451355,1,149.9468349145965,289.23895518016815,0,147.48892032060348,290.5007072135785,0.625,5,8,0.013328818805950089,0.013328818805950089,0.19993228208925135,0.0,1.0,0.0,0.21437489764898446,0.035729149608164076,6,0.19993228208925135,15,0402f7df0f5da5c9c15fab0f96dc96e25218ad23ba457d32f8f25511839f0d8a,0,0.10196530368964742,0.10196530368964742,2.75306319962048,1.0,2.75306319962048,27,1,0,3,1.0,image_13203,13203,47.9248617948221,2.852292835712433,1,176.4549129528221,64.35118309864394,128.5468844525106,65.62129461584998,0.0,0,8,0.4236338718371659,0.10590846795929147,4,-48,0,0.36363636363636365,0.3117756247520447,3.844308991476764,3.844308991476764,42.287398906244405,1.0,0.015401535227231233,42.287398906244405,11
0.20777550618327206,0.711059781337573,0.0,0,1,0,0.6494088969187866,copy_repair,0,0.004730917702280789,0.004730917702280789,2.408037110460922,1.0,2.408037110460922,509,0,0.21296239968991032,1.4445617633431775,91.00739109062019,0.14742353362382185,13.41663118046435,63,0,0.16208343117886906,3.4198228360784113,47.87751970509776,0.04739527131900605,2.269168036504167,14,0.0,2.7628540216918873,4.3241230845451355,1,149.9468349145965,289.23895518016815,0,147.48892032060348,290.5007072135785,0.625,5,8,0.013328818805950089,0.013328818805950089,0.19993228208925135,0.0,1.0,0.0,0.21437489764898446,0.035729149608164076,6,0.19993228208925135,15,67937c9dc9258e556691af48ab0482823c79537a50899d178d66b66680234365,0,0.10196530368964742,0.10196530368964742,2.75306319962048,1.0,2.75306319962048,27,1,0,3,0.1455423332670505,image_13203,13203,1.2734370902774748,2.852292835712433,1,128.4549129528221,64.35118309864394,128.5468844525106,65.62129461584998,1.0,4,4,0.702454093434782,0.1756135233586955,4,-48,0,0.0,0.03978388011455536,0.9368173331529243,3.844308991476764,42.287398906244405,0.24368939521509494,0.004581969812340535,10.304990664682167,11
0.4466717210269344,0.5575335385327158,0.0,0,1,0,0.6494088969187866,wrong_direction,0,0.05103746361268725,0.004730917702280789,2.408037110460922,10.788068367387144,25.978068978857813,509,0,1.6975472238384168,1.4445617633431775,91.00739109062019,1.1751295561843962,106.94547510182026,63,0,3.8646139714942658,3.4198228360784113,47.87751970509776,1.1300626250937333,54.10459560091972,14,0.0,2.7628540216918873,4.3241230845451355,1,149.9468349145965,289.23895518016815,0,147.48892032060348,290.5007072135785,0.625,5,8,0.013328818805950089,0.013328818805950089,0.19993228208925135,0.0,1.0,0.0,0.21437489764898446,0.035729149608164076,6,0.19993228208925135,15,808eb185f791c80b28a48fde422d9aac8d6203d04098d9ecc7f99c4efb12fa4b,0,0.5233675209129224,0.10196530368964742,2.75306319962048,5.132800099393615,14.130923064648904,27,1,11,3,0.7666341035579665,image_13203,13203,95.91643818492585,2.852292835712433,1,224.4549129528221,64.35118309864394,128.5468844525106,65.62129461584998,0.0,0,8,0.4236338718371659,0.10590846795929147,4,-48,0,0.0,0.055537473410367966,1.5500468443815636,3.844308991476764,42.287398906244405,0.4032055820221995,0.005712764814159754,17.0505152881972,11
0.21627879169550493,0.7196178771843267,0.0,0,1,0,0.6494088969187866,genuine_target,0,0.0,0.004730917702280789,2.408037110460922,0.0,0.0,509,0,0.0,1.4445617633431775,91.00739109062019,0.0,0.0,63,0,0.0,3.4198228360784113,47.87751970509776,0.0,0.0,14,0.05711185791784164,2.8147708383665235,4.3013935983181,1,150.0039007469361,289.2366627809408,0,147.48892032060348,290.5007072135785,0.625,5,8,0.0,0.013328818805950089,0.19993228208925135,4.707894186140038e-05,0.0,5.7644996559247375e-05,0.21497435455361916,0.03582905909226986,6,0.0,15,a6f36be3f5f9b8c0ba80affea2b969be3032323ce6ff9cdc6e71ac8bef72defe,0,0.0,0.10196530368964742,2.75306319962048,0.0,0.0,27,1,551,3,0.0,image_13203,13203,1.3219778424740882,2.8127461671829224,1,128.4853538404812,64.300749501219,128.5468844525106,65.62129461584998,1.0,4,4,0.7199734200778231,0.17999335501945576,4,-48,0,0.0,0.007488361094146967,0.0,3.844308991476764,42.287398906244405,0.0,0.004616266736579101,0.0,11
0.4432031248165563,0.5671207455887902,0.0,0,1,0,0.6494088969187866,noop,0,0.006474889248030437,0.006474889248030437,3.2568692917593096,1.0,3.2568692917593096,503,0,1.4548648865474851,1.4548648865474851,104.75027183141893,1.0,104.75027183141893,72,0,3.6743140444904747,3.6743140444904747,51.44039662286664,1.0,51.44039662286664,14,0.0,2.7628540216918873,4.3241230845451355,1,149.9468349145965,289.23895518016815,0,147.48892032060348,290.5007072135785,0.625,5,8,0.019530724121526045,0.019530724121526045,0.29296086182289066,0.0,1.0,0.0,0.21437489764898446,0.035729149608164076,6,0.29296086182289066,15,0402f7df0f5da5c9c15fab0f96dc96e25218ad23ba457d32f8f25511839f0d8a,0,0.10817679637565177,0.10817679637565177,3.245303891269553,1.0,3.245303891269553,30,1,0,4,1.0,image_13203,13203,63.92064838581324,2.852292835712433,1,176.4549129528221,64.35118309864394,112.54688445251058,65.62129461584998,0.0,0,8,0.4417320098992881,0.11043300247482203,4,-64,0,0.2857142857142857,0.25817936658859253,3.7428555585552674,3.7428555585552674,52.399977819773746,1.0,0.013407066392613035,52.399977819773746,14
0.20777550618327206,0.711059781337573,0.0,0,1,0,0.6494088969187866,copy_repair,0,0.006474889248030437,0.006474889248030437,3.2568692917593096,1.0,3.2568692917593096,503,0,0.22573678945666853,1.4548648865474851,104.75027183141893,0.15515996814821795,16.253048840880133,72,0,0.24790669425023928,3.6743140444904747,51.44039662286664,0.06747019749767118,3.47069371950335,14,0.0,2.7628540216918873,4.3241230845451355,1,149.9468349145965,289.23895518016815,0,147.48892032060348,290.5007072135785,0.625,5,8,0.019530724121526045,0.019530724121526045,0.29296086182289066,0.0,1.0,0.0,0.21437489764898446,0.035729149608164076,6,0.29296086182289066,15,1451386d125a7581a07ae3997233e3927e0d79b095e7dd2433efe51dac59dce7,0,0.10817679637565177,0.10817679637565177,3.245303891269553,1.0,3.245303891269553,30,1,0,4,0.14702195712721863,image_13203,13203,1.2734370902774739,2.852292835712433,1,112.4549129528221,64.35118309864394,112.54688445251058,65.62129461584998,1.0,4,4,0.7024807840533323,0.17562019601333306,4,-64,0,0.0,0.048275526612997055,0.8480326951855887,3.7428555585552674,52.399977819773746,0.22657371675676607,0.005445737253264688,11.87245773259824,14
0.4432031248165563,0.5671207455887902,0.0,0,1,0,0.6494088969187866,wrong_direction,0,0.08140493092602796,0.006474889248030437,3.2568692917593096,12.572405149754509,40.94668025579207,503,0,1.5248594496023427,1.4548648865474851,104.75027183141893,1.048110696534137,109.78988037136867,72,0,3.6743140444904747,3.6743140444904747,51.44039662286664,1.0,51.44039662286664,14,0.0,2.7628540216918873,4.3241230845451355,1,149.9468349145965,289.23895518016815,0,147.48892032060348,290.5007072135785,0.625,5,8,0.019530724121526045,0.019530724121526045,0.29296086182289066,0.0,1.0,0.0,0.21437489764898446,0.035729149608164076,6,0.29296086182289066,15,a7b7c0b5cde70dfa444a6620a5c234d67af58859da38614b4d07610316296e7d,0,0.37075405181206766,0.10817679637565177,3.245303891269553,3.4272973894013035,11.12262155436203,30,1,14,4,0.613286858378383,image_13203,13203,127.91433437305861,2.852292835712433,1,240.4549129528221,64.35118309864394,112.54688445251058,65.62129461584998,0.0,0,8,0.4417320098992881,0.11043300247482203,4,-64,0,0.0,0.048275526612997055,0.8480326951855887,3.7428555585552674,52.399977819773746,0.22657371675676607,0.005445737253264688,11.87245773259824,14
0.21356066411021254,0.7214197489778995,0.0,0,1,0,0.6494088969187866,genuine_target,0,0.0,0.006474889248030437,3.2568692917593096,0.0,0.0,503,0,0.0,1.4548648865474851,104.75027183141893,0.0,0.0,72,0,0.0,3.6743140444904747,51.44039662286664,0.0,0.0,14,0.04208249547183397,2.776840810641139,4.328202813863754,1,149.97719555756606,289.2680956637539,0,147.48892032060348,290.5007072135785,0.625,5,8,0.0,0.019530724121526045,0.29296086182289066,5.077318201074377e-05,0.0,8.607457129983231e-05,0.21615828509489998,0.03602638084915,6,0.0,15,b9cba6129290afc2158d9dfabad83a8ac36c15bb62d60b2b421df3f562e92078,0,0.0,0.10817679637565177,3.245303891269553,0.0,0.0,30,1,548,4,0.0,image_13203,13203,1.3825398961218271,2.8871134519577026,1,112.54385938761865,64.23875802922706,112.54688445251058,65.62129461584998,1.0,4,4,0.7247778499703087,0.18119446249257717,4,-64,0,0.0,0.0082697169855237,0.0,3.7428555585552674,52.399977819773746,0.0,0.003838886552427764,0.0,14
0.4569583796258087,0.6139119249225989,0.0,0,1,0,0.6494088969187866,noop,0,0.006586365901349018,0.006586365901349018,3.280010218871811,1.0,3.280010218871811,498,0,1.442974689383502,1.442974689383502,103.89417763561215,1.0,103.89417763561215,72,0,3.637291279839147,3.637291279839147,50.922077917748055,1.0,50.922077917748055,14,0.0,2.7628540216918873,4.3241230845451355,1,149.9468349145965,289.23895518016815,0,147.48892032060348,290.5007072135785,0.625,5,8,0.026000841318373595,0.026000841318373595,0.3900126197756039,0.0,1.0,0.0,0.21437489764898446,0.035729149608164076,6,0.3900126197756039,15,0402f7df0f5da5c9c15fab0f96dc96e25218ad23ba457d32f8f25511839f0d8a,0,0.1282293490751197,0.1282293490751197,4.48802721762919,1.0,4.48802721762919,35,1,0,5,1.0,image_13203,13203,79.91812186277113,2.852292835712433,1,176.4549129528221,64.35118309864394,96.54688445251058,65.62129461584998,0.0,0,8,0.5156396514283852,0.1289099128570963,4,-80,0,0.2857142857142857,0.25817936658859253,3.7344524978815956,3.7344524978815956,52.28233497034234,1.0,0.013407066392613035,52.28233497034234,14
0.20777550618327206,0.711059781337573,0.0,0,1,0,0.6494088969187866,copy_repair,0,0.006586365901349018,0.006586365901349018,3.280010218871811,1.0,3.280010218871811,498,0,0.20777066648972686,1.442974689383502,103.89417763561215,0.14398774144714555,14.959487987260335,72,0,0.16041887723859727,3.637291279839147,50.922077917748055,0.04410394023920227,2.2458642813403618,14,0.0,2.7628540216918873,4.3241230845451355,1,149.9468349145965,289.23895518016815,0,147.48892032060348,290.5007072135785,0.625,5,8,0.026000841318373595,0.026000841318373595,0.3900126197756039,0.0,1.0,0.0,0.21437489764898446,0.035729149608164076,6,0.3900126197756039,15,ce538938a49288d44912965557c214533e20b0fc434beb26ed0fad91799cc6ba,0,0.1282293490751197,0.1282293490751197,4.48802721762919,1.0,4.48802721762919,35,1,0,5,0.13704165989932174,image_13203,13203,1.2734370902774739,2.852292835712433,1,96.4549129528221,64.35118309864394,96.54688445251058,65.62129461584998,1.0,4,4,0.7025312686753553,0.17563281716883883,4,-80,0,0.0,0.048275526612997055,0.8588470684570148,3.7344524978815956,52.28233497034234,0.2299793795594412,0.005445737253264688,12.023858958398206,14
0.4569583796258087,0.6139119249225989,0.0,0,1,0,0.6494088969187866,wrong_direction,0,0.11033285304723095,0.006586365901349018,3.280010218871811,16.75170415670842,54.94576081752101,498,0,1.6014090586432947,1.442974689383502,103.89417763561215,1.109797053562653,115.30145222231722,72,0,3.637291279839147,3.637291279839147,50.922077917748055,1.0,50.922077917748055,14,0.0,2.7628540216918873,4.3241230845451355,1,149.9468349145965,289.23895518016815,0,147.48892032060348,290.5007072135785,0.625,5,8,0.026000841318373595,0.026000841318373595,0.3900126197756039,0.0,1.0,0.0,0.21437489764898446,0.035729149608164076,6,0.3900126197756039,15,92f3477f2cc4eba765034755d3c0da24bbc1082de55ea62839873f968de4da5a,0,0.1282293490751197,0.1282293490751197,4.48802721762919,1.0,4.48802721762919,35,1,14,5,0.6149896897797206,image_13203,13203,159.91307251792324,2.852292835712433,1,256.4549129528221,64.35118309864394,96.54688445251058,65.62129461584998,0.0,0,8,0.5156396514283852,0.1289099128570963,4,-80,0,0.0,0.048275526612997055,0.8588470684570148,3.7344524978815956,52.28233497034234,0.2299793795594412,0.005445737253264688,12.023858958398206,14
0.21095246683606939,0.7169397102440767,0.0,0,1,0,0.6494088969187866,genuine_target,0,0.0,0.006586365901349018,3.280010218871811,0.0,0.0,498,0,0.0,1.442974689383502,103.89417763561215,0.0,0.0,72,0,0.0,3.637291279839147,50.922077917748055,0.0,0.0,14,0.0405883592079639,2.7561409204139293,4.32160085439682,1,149.9588628452239,289.27772041959753,0,147.48892032060348,290.5007072135785,0.625,5,8,0.0,0.026000841318373595,0.3900126197756039,7.148396980483085e-05,0.0,0.00013456620217766613,0.2171864640750155,0.03619774401250258,6,0.0,15,1992c5549a527741c53ee0b199c7b7246957b921f44516cd80e812065d3a5eb3,0,0.0,0.1282293490751197,4.48802721762919,0.0,0.0,35,1,548,5,0.0,image_13203,13203,1.3377758917117943,2.9745631217956543,1,96.5392828053236,64.28354032174163,96.54688445251058,65.62129461584998,1.0,4,4,0.716036925328867,0.17900923133221674,4,-80,0,0.0,0.009140406735241413,0.0,3.7344524978815956,52.28233497034234,0.0,0.0037806371690426235,0.0,14
