appearance_identity_accuracy,arm,destination_ratio,distractor_centroid_error_px,distractor_rgb_change_mse,nonzero_positions,primary_ratio,scene,selected_centroid_error_px,selected_iou,source_hole_ghost_mean_occupancy,source_hole_ratio,source_hole_rgb_mse
1.0,noop,1.0,2.1980676558011725,0.0,5,1.0,image_13200,48.21934328444309,0.06993006993006992,0.2196217194199562,1.0,0.006407540868055348
0.0,copy_repair,0.1588367599646682,2.1980676558011725,0.0,5,0.2580386609303019,image_13200,1.4143818222461602,0.5555555555555556,0.07386324480175972,0.35724056189593567,0.019110461390343808
1.0,wrong_direction,1.0325925568628347,2.1980676558011725,0.0,5,0.8728191728110956,image_13200,96.2055138831071,0.015384615384615385,0.18531619906425476,0.7130457887593562,0.011248924920825033
0.0,genuine_target,0.0,2.24036275708427,3.203470005246345e-05,5,0.0,image_13200,1.640722363069274,0.5333333333333334,0.005428116861730814,0.0,0.0060009375864721656
0.0,noop,1.0,1.3860959044409067,0.0,5,1.0,image_13201,47.14924971237142,0.10192307692307692,0.36720111668109895,1.0,0.023572862109563938
0.0,copy_repair,0.03171825772862835,1.3860959044409067,0.0,5,0.1416936202105885,image_13201,2.3930481190325303,0.8,0.08849241882562638,0.25166898269254867,0.007788104506027743
0.0,wrong_direction,1.0785250168090794,1.3860959044409067,0.0,5,0.8305362250386554,image_13201,95.11260075918354,0.025,0.2855185315012932,0.5825474332682317,0.016792751761651077
0.0,genuine_target,0.0,2.0858062567364604,7.275226889760233e-05,5,0.0,image_13201,3.060656311232451,0.8,0.009750662930309772,0.0,0.012960373614507192
0.0,noop,1.0,3.564598115681148,0.0,5,1.0,image_13202,49.81717466966455,0.11333333333333333,0.3154773086309433,1.0,0.03732326975840293
0.0,copy_repair,0.023895194394517105,3.564598115681148,0.0,5,0.09377530750174055,image_13202,1.8454331047655832,0.75,0.0422750361263752,0.16365542060896404,0.03428869472769013
0.0,wrong_direction,1.1073852151294432,3.564598115681148,0.0,5,0.8354436450128622,image_13202,97.81647516288575,0.03333333333333333,0.19827364310622214,0.5635020748962808,0.03793436954922736
0.0,genuine_target,0.0,3.617959075326766,0.0001299090072279796,5,0.0,image_13202,2.028475997518155,0.725,0.013351323269307613,0.0,0.027138142900559013
0.0,noop,1.0,2.7628540216918873,0.0,5,1.0,image_13203,47.93111611312108,0.06666666666666667,0.23527306467294692,1.0,0.012665668306242401
0.0,copy_repair,0.03882815750848129,2.7628540216918873,0.0,5,0.15818808392702952,image_13203,1.2734370902774743,1.0,0.03700753822922707,0.27754801034557774,0.003972541843298175
0.0,wrong_direction,1.101704753444256,2.7628540216918873,0.0,5,0.8382838093420869,image_13203,95.91955811975325,0.0,0.1546892412006855,0.5748628652399178,0.01098962512340151
0.0,genuine_target,0.0,2.784948866294843,6.522653529827949e-05,5,0.0,image_13203,1.323328466759738,1.0,0.00760745108127594,0.0,0.004269081768072535
