arm,training_seed,epoch,train_loss,train_retrieval_loss,train_auxiliary_loss,dev_utility,dev_visible_localization,dev_false_presence,seconds
predictive,1701,1,2.2575818830066257,1.428640239768558,0.8289416068130069,0.420643153526971,0.8412863070539419,1.0,4.896195162999902
predictive,1701,2,1.5739181770218744,1.1223271356688604,0.4515910396973292,0.4232365145228216,0.8464730290456431,1.0,5.46547311500035
predictive,1701,3,1.221322927210066,0.7957548465993669,0.4255680607424842,0.4299792531120332,0.8599585062240664,1.0,4.9705464480002775
predictive,1701,4,1.1326251758469477,0.7616568969355689,0.3709682921568553,0.6219702957254825,0.6566390041493776,0.4126984126984127,5.203272015999573
predictive,1701,5,1.0283339156044855,0.7033753196398417,0.3249585951368014,0.5644059145096489,0.8827800829875518,0.753968253968254,5.23608234600033
predictive,1701,6,0.9786080188221402,0.668999069266849,0.30960895121097565,0.6103125205822301,0.8952282157676349,0.6746031746031746,4.80871871599993
predictive,1701,7,0.9053376813729604,0.6113142636087205,0.29402342521482044,0.8182012777448463,0.7157676348547718,0.07936507936507936,5.490063303999705
predictive,1701,8,0.7706184751457639,0.4840828660461638,0.2865356173780229,0.9078574721728249,0.8236514522821576,0.007936507936507936,4.861708507999538
predictive,1701,9,0.6589282519287534,0.37211163838704425,0.2868166102303399,0.9216804979253113,0.8433609958506224,0.0,5.50616829000046
predictive,1701,10,0.5662027845780054,0.2919094231393602,0.27429336392217213,0.896265560165975,0.7925311203319502,0.0,4.8177270589994805
predictive,1701,11,0.4847354061073727,0.23279395865069497,0.2519414441453086,0.9230800895738656,0.8620331950207469,0.015873015873015872,5.026768030000312
predictive,1701,12,0.43553828034136033,0.19184300199978882,0.24369527979029548,0.8884854771784232,0.7769709543568465,0.0,5.445598248999886
predictive,1701,13,0.47150623467233443,0.2271963477962547,0.24430987818373573,0.9439834024896265,0.8879668049792531,0.0,4.94419786600065
predictive,1701,14,0.4434258093436559,0.20426547123740116,0.2391603390375773,0.9159998024105909,0.8558091286307054,0.023809523809523808,5.428140552000514
predictive,1701,15,0.46463142666551804,0.22411654620534843,0.24051488687594733,0.9403526970954357,0.8807053941908713,0.0,4.885440772999573
predictive,1701,16,0.3963232893082831,0.16078893333259556,0.23553435504436493,0.9144190871369295,0.828838174273859,0.0,5.132041468000352
predictive,1701,17,0.6262086381514868,0.3829876254830096,0.2432210139102406,0.8205394190871369,0.6410788381742739,0.0,4.995288434000031
predictive,1701,18,0.5130394680632485,0.28230184151066673,0.2307376257247395,0.8812240663900415,0.7624481327800829,0.0,4.8854655449995334
predictive,1701,19,0.43021683726045823,0.21331321116950777,0.21690362609095043,0.9014522821576764,0.8029045643153527,0.0,5.389858463000564
predictive,1701,20,0.3984828028413985,0.18783352099772957,0.21064927925666174,0.8988589211618258,0.7977178423236515,0.0,4.7864950120001595
predictive,1701,21,0.3988963332441118,0.18975737028651768,0.20913896875249016,0.9356846473029046,0.8713692946058091,0.0,5.514084947999436
predictive,1701,22,0.3613456048899227,0.1600659317854378,0.20127967165576088,0.9372406639004149,0.8744813278008299,0.0,4.849092495999685
predictive,1701,23,0.3460407985581292,0.14827145646429724,0.19776934219731224,0.9113070539419087,0.8226141078838174,0.0,5.0424896729991815
predictive,1701,24,0.3417245563533571,0.14778700853801435,0.19393754502137503,0.9175311203319503,0.8350622406639004,0.0,5.390660791999835
predictive,1701,25,0.3174578936563598,0.12457034002161688,0.1928875529103809,0.9528008298755186,0.9056016597510373,0.0,4.871215588999803
predictive,1701,26,0.3020108002755377,0.11124514198551576,0.19076565901438394,0.9445020746887967,0.8890041493775933,0.0,5.427170879000187
predictive,1701,27,0.2863950911495421,0.10168048767890367,0.18471460458305147,0.9533195020746887,0.9066390041493776,0.0,4.909898141000667
predictive,1701,28,0.27482375254233676,0.08975654473114345,0.18506720579332775,0.9605809128630705,0.921161825726141,0.0,5.171788813000603
predictive,1701,29,0.26194775766796535,0.08097816225037807,0.18096959590911865,0.9533195020746887,0.9066390041493776,0.0,5.000547661999917
predictive,1701,30,0.2657310763994853,0.08232090948149562,0.1834101668662495,0.928941908713693,0.8578838174273858,0.0,4.882219414999781
