method,arm,training_seed,scene,condition,intervention,normal_replay_exact,forecast_prefix_exact,logits_max_abs,future_max_abs,visibility_max_abs,scorable_part_pairs,emitted_prediction_changes,presence_changes,conditional_patch_changes,patch_changes_when_both_present,mean_abs_logit_change,max_abs_logit_change,mean_state_l2_change,max_state_l2_change,mean_abs_visibility_change,mean_future_cosine_distance,normal_localization_accuracy_given_visible_numerator,normal_localization_accuracy_given_visible_denominator,normal_localization_accuracy_given_visible_rate,intervention_localization_accuracy_given_visible_numerator,intervention_localization_accuracy_given_visible_denominator,intervention_localization_accuracy_given_visible_rate,normal_false_presence_given_absent_numerator,normal_false_presence_given_absent_denominator,normal_false_presence_given_absent_rate,intervention_false_presence_given_absent_numerator,intervention_false_presence_given_absent_denominator,intervention_false_presence_given_absent_rate,normal_recovery_accuracy_numerator,normal_recovery_accuracy_denominator,normal_recovery_accuracy_rate,intervention_recovery_accuracy_numerator,intervention_recovery_accuracy_denominator,intervention_recovery_accuracy_rate,normal_wrong_car_given_visible_numerator,normal_wrong_car_given_visible_denominator,normal_wrong_car_given_visible_rate,intervention_wrong_car_given_visible_numerator,intervention_wrong_car_given_visible_denominator,intervention_wrong_car_given_visible_rate
retrieval_only_seed1701,retrieval_only,1701,test_long_occlusion_10100,long_occlusion,forecast_to_anchor,True,True,0.0,0.0,0.0,121,8,0,16,8,0.39915451407432556,3.0538291931152344,0.2173423022031784,0.8996232151985168,0.01235197577625513,0.013052827678620815,70,80,0.875,70,80,0.875,0,41,0.0,0,41,0.0,0,2,0.0,0,2,0.0,0,80,0.0,0,80,0.0
retrieval_only_seed1701,retrieval_only,1701,test_long_occlusion_10100,long_occlusion,owner_context_zero,True,,0.0,0.0,0.0,121,59,45,23,14,0.45381608605384827,7.19423246383667,2.8856515884399414,4.2368974685668945,0.342294842004776,0.30986183881759644,70,80,0.875,79,80,0.9875,0,41,0.0,35,41,0.8536585365853658,0,2,0.0,2,2,1.0,0,80,0.0,0,80,0.0
retrieval_only_seed1701,retrieval_only,1701,test_long_occlusion_10101,long_occlusion,forecast_to_anchor,True,True,0.0,0.0,0.0,119,6,0,9,6,0.2574999928474426,3.3515625,0.2407175749540329,0.8537011742591858,0.007675943896174431,0.0228835828602314,70,80,0.875,70,80,0.875,0,39,0.0,0,39,0.0,0,2,0.0,0,2,0.0,0,80,0.0,0,80,0.0
retrieval_only_seed1701,retrieval_only,1701,test_long_occlusion_10101,long_occlusion,owner_context_zero,True,,0.0,0.0,0.0,119,59,44,20,15,0.460071325302124,7.96591854095459,2.966822385787964,4.137444972991943,0.3704715073108673,0.4209890067577362,70,80,0.875,80,80,1.0,0,39,0.0,34,39,0.8717948717948718,0,2,0.0,2,2,1.0,0,80,0.0,0,80,0.0
retrieval_only_seed1701,retrieval_only,1701,test_long_occlusion_10102,long_occlusion,forecast_to_anchor,True,True,0.0,0.0,0.0,120,4,0,13,4,0.28910204768180847,2.467756748199463,0.3011579215526581,0.9217398166656494,0.010399085469543934,0.021309688687324524,70,80,0.875,70,80,0.875,0,40,0.0,0,40,0.0,0,2,0.0,0,2,0.0,0,80,0.0,0,80,0.0
retrieval_only_seed1701,retrieval_only,1701,test_long_occlusion_10102,long_occlusion,owner_context_zero,True,,0.0,0.0,0.0,120,51,45,10,6,0.4147917926311493,7.452640056610107,2.529618501663208,3.9840807914733887,0.36125147342681885,0.42161375284194946,70,80,0.875,80,80,1.0,0,40,0.0,35,40,0.875,0,2,0.0,2,2,1.0,0,80,0.0,0,80,0.0
retrieval_only_seed1701,retrieval_only,1701,test_long_occlusion_10103,long_occlusion,forecast_to_anchor,True,True,0.0,0.0,0.0,120,7,0,14,7,0.2794667184352875,2.4951164722442627,0.2957319915294647,0.9213830232620239,0.009579166769981384,0.03009263426065445,70,78,0.8974358974358975,70,78,0.8974358974358975,0,42,0.0,0,42,0.0,0,2,0.0,0,2,0.0,0,78,0.0,0,78,0.0
retrieval_only_seed1701,retrieval_only,1701,test_long_occlusion_10103,long_occlusion,owner_context_zero,True,,0.0,0.0,0.0,120,64,44,31,20,0.43045443296432495,6.728219985961914,2.879464626312256,4.112182140350342,0.35514330863952637,0.38874101638793945,70,78,0.8974358974358975,78,78,1.0,0,42,0.0,36,42,0.8571428571428571,0,2,0.0,2,2,1.0,0,78,0.0,0,78,0.0
retrieval_only_seed1701,retrieval_only,1701,test_long_occlusion_10104,long_occlusion,forecast_to_anchor,True,True,0.0,0.0,0.0,120,3,0,9,3,0.38284361362457275,3.1952733993530273,0.22658006846904755,0.9155645370483398,0.01489285659044981,0.010354803875088692,70,78,0.8974358974358975,70,78,0.8974358974358975,0,42,0.0,0,42,0.0,0,2,0.0,0,2,0.0,0,78,0.0,0,78,0.0
retrieval_only_seed1701,retrieval_only,1701,test_long_occlusion_10104,long_occlusion,owner_context_zero,True,,0.0,0.0,0.0,120,49,44,11,5,0.4726240336894989,7.1183881759643555,2.976048469543457,4.3777174949646,0.3334503769874573,0.2713843286037445,70,78,0.8974358974358975,78,78,1.0,0,42,0.0,36,42,0.8571428571428571,0,2,0.0,2,2,1.0,0,78,0.0,0,78,0.0
retrieval_only_seed1701,retrieval_only,1701,test_long_occlusion_10105,long_occlusion,forecast_to_anchor,True,True,0.0,0.0,0.0,122,6,1,9,5,0.3842170834541321,3.046372413635254,0.2404489815235138,1.044268250465393,0.02177605591714382,0.008165447972714901,78,80,0.975,77,80,0.9625,1,42,0.023809523809523808,1,42,0.023809523809523808,1,2,0.5,0,2,0.0,0,80,0.0,0,80,0.0
retrieval_only_seed1701,retrieval_only,1701,test_long_occlusion_10105,long_occlusion,owner_context_zero,True,,0.0,0.0,0.0,122,47,38,17,9,0.41606268286705017,6.485943794250488,2.64920973777771,4.016568660736084,0.28465715050697327,0.27012720704078674,78,80,0.975,80,80,1.0,1,42,0.023809523809523808,37,42,0.8809523809523809,1,2,0.5,2,2,1.0,0,80,0.0,0,80,0.0
retrieval_only_seed1701,retrieval_only,1701,test_crossing_10200,crossing,forecast_to_anchor,True,True,0.0,0.0,0.0,120,30,6,27,24,0.30120187997817993,2.356203079223633,0.2797333002090454,1.5827845335006714,0.04132739081978798,0.0008718948229216039,97,118,0.8220338983050848,82,118,0.6949152542372882,0,2,0.0,0,2,0.0,0,1,0.0,0,1,0.0,7,118,0.059322033898305086,18,118,0.15254237288135594
retrieval_only_seed1701,retrieval_only,1701,test_crossing_10200,crossing,owner_context_zero,True,,0.0,0.0,0.0,120,26,16,12,10,0.35979795455932617,6.6917524337768555,2.543111801147461,5.023557186126709,0.13097886741161346,0.23207512497901917,97,118,0.8220338983050848,106,118,0.8983050847457628,0,2,0.0,2,2,1.0,0,1,0.0,0,1,0.0,7,118,0.059322033898305086,12,118,0.1016949152542373
retrieval_only_seed1701,retrieval_only,1701,test_crossing_10201,crossing,forecast_to_anchor,True,True,0.0,0.0,0.0,120,22,5,18,17,0.39621493220329285,3.650700569152832,0.3601641058921814,2.272982597351074,0.040774013847112656,0.0020810062997043133,110,118,0.9322033898305084,101,118,0.8559322033898306,0,2,0.0,0,2,0.0,0,1,0.0,0,1,0.0,2,118,0.01694915254237288,11,118,0.09322033898305085
retrieval_only_seed1701,retrieval_only,1701,test_crossing_10201,crossing,owner_context_zero,True,,0.0,0.0,0.0,120,18,8,11,10,0.39764901995658875,6.084592819213867,2.8061931133270264,4.808059215545654,0.08256084471940994,0.11708170920610428,110,118,0.9322033898305084,114,118,0.9661016949152542,0,2,0.0,2,2,1.0,0,1,0.0,0,1,0.0,2,118,0.01694915254237288,4,118,0.03389830508474576
retrieval_only_seed1701,retrieval_only,1701,test_crossing_10202,crossing,forecast_to_anchor,True,True,0.0,0.0,0.0,119,18,4,18,14,0.2990061342716217,2.8409852981567383,0.25160127878189087,1.6224573850631714,0.02847050502896309,0.0006424361490644515,106,116,0.9137931034482759,94,116,0.8103448275862069,0,3,0.0,0,3,0.0,0,1,0.0,0,1,0.0,4,116,0.034482758620689655,12,116,0.10344827586206896
retrieval_only_seed1701,retrieval_only,1701,test_crossing_10202,crossing,owner_context_zero,True,,0.0,0.0,0.0,119,26,8,19,18,0.3955853283405304,8.392585754394531,2.8973121643066406,4.887721061706543,0.11122054606676102,0.18734924495220184,106,116,0.9137931034482759,108,116,0.9310344827586207,0,3,0.0,3,3,1.0,0,1,0.0,1,1,1.0,4,116,0.034482758620689655,7,116,0.0603448275862069
retrieval_only_seed1701,retrieval_only,1701,test_crossing_10203,crossing,forecast_to_anchor,True,True,0.0,0.0,0.0,119,21,3,20,18,0.27652236819267273,2.962085723876953,0.4477108418941498,3.017444372177124,0.04450353980064392,0.0035762761253863573,104,117,0.8888888888888888,106,117,0.905982905982906,0,2,0.0,0,2,0.0,0,1,0.0,0,1,0.0,9,117,0.07692307692307693,10,117,0.08547008547008547
retrieval_only_seed1701,retrieval_only,1701,test_crossing_10203,crossing,owner_context_zero,True,,0.0,0.0,0.0,119,22,6,19,16,0.3494212031364441,6.1371049880981445,2.3372819423675537,4.438584327697754,0.08787165582180023,0.24679577350616455,104,117,0.8888888888888888,107,117,0.9145299145299145,0,2,0.0,2,2,1.0,0,1,0.0,0,1,0.0,9,117,0.07692307692307693,10,117,0.08547008547008547
retrieval_only_seed1701,retrieval_only,1701,test_crossing_10204,crossing,forecast_to_anchor,True,True,0.0,0.0,0.0,121,23,6,20,17,0.4150897264480591,4.024641036987305,0.2835399806499481,1.7030798196792603,0.03440151736140251,0.000792722508776933,113,119,0.9495798319327731,99,119,0.8319327731092437,0,2,0.0,0,2,0.0,0,1,0.0,0,1,0.0,0,119,0.0,10,119,0.08403361344537816
retrieval_only_seed1701,retrieval_only,1701,test_crossing_10204,crossing,owner_context_zero,True,,0.0,0.0,0.0,121,17,8,10,9,0.4339129626750946,8.26028060913086,2.7532312870025635,4.8553786277771,0.09890660643577576,0.17813189327716827,113,119,0.9495798319327731,118,119,0.9915966386554622,0,2,0.0,2,2,1.0,0,1,0.0,1,1,1.0,0,119,0.0,1,119,0.008403361344537815
retrieval_only_seed1701,retrieval_only,1701,test_crossing_10205,crossing,forecast_to_anchor,True,True,0.0,0.0,0.0,120,21,3,19,18,0.340876966714859,3.8265929222106934,0.25319287180900574,2.0035572052001953,0.03178130090236664,0.0005865361308678985,113,118,0.9576271186440678,113,118,0.9576271186440678,0,2,0.0,1,2,0.5,0,1,0.0,0,1,0.0,1,118,0.00847457627118644,1,118,0.00847457627118644
retrieval_only_seed1701,retrieval_only,1701,test_crossing_10205,crossing,owner_context_zero,True,,0.0,0.0,0.0,120,17,6,13,11,0.46967244148254395,8.955520629882812,2.95554518699646,4.862832546234131,0.07519678771495819,0.16877515614032745,113,118,0.9576271186440678,116,118,0.9830508474576272,0,2,0.0,2,2,1.0,0,1,0.0,0,1,0.0,1,118,0.00847457627118644,1,118,0.00847457627118644
retrieval_only_seed1701,retrieval_only,1701,test_scale_camera_10300,scale_camera,forecast_to_anchor,True,True,0.0,0.0,0.0,124,19,0,19,19,0.35221514105796814,2.546066999435425,0.02511288970708847,0.06138678267598152,0.0002739078481681645,1.4922791706339922e-05,93,124,0.75,102,124,0.8225806451612904,0,0,,0,0,,0,0,,0,0,,31,124,0.25,22,124,0.1774193548387097
retrieval_only_seed1701,retrieval_only,1701,test_scale_camera_10300,scale_camera,owner_context_zero,True,,0.0,0.0,0.0,124,33,0,33,33,0.47963085770606995,3.938565731048584,3.1642074584960938,4.871891975402832,0.011603153310716152,0.11056678742170334,93,124,0.75,83,124,0.6693548387096774,0,0,,0,0,,0,0,,0,0,,31,124,0.25,41,124,0.33064516129032256
retrieval_only_seed1701,retrieval_only,1701,test_scale_camera_10301,scale_camera,forecast_to_anchor,True,True,0.0,0.0,0.0,124,9,0,9,9,0.22988735139369965,1.7280794382095337,0.02014690823853016,0.07034356147050858,0.00028521782951429486,2.34140497923363e-05,124,124,1.0,124,124,1.0,0,0,,0,0,,0,0,,0,0,,0,124,0.0,0,124,0.0
retrieval_only_seed1701,retrieval_only,1701,test_scale_camera_10301,scale_camera,owner_context_zero,True,,0.0,0.0,0.0,124,14,0,14,14,0.38722217082977295,3.3820290565490723,3.080200672149658,4.6260504722595215,0.010655802674591541,0.12403951585292816,124,124,1.0,124,124,1.0,0,0,,0,0,,0,0,,0,0,,0,124,0.0,0,124,0.0
retrieval_only_seed1701,retrieval_only,1701,test_scale_camera_10302,scale_camera,forecast_to_anchor,True,True,0.0,0.0,0.0,124,15,0,15,15,0.34240928292274475,2.337576389312744,0.027057019993662834,0.06503249704837799,0.0002819780202116817,2.2554590032086708e-05,95,124,0.7661290322580645,103,124,0.8306451612903226,0,0,,0,0,,0,0,,0,0,,29,124,0.23387096774193547,21,124,0.1693548387096774
retrieval_only_seed1701,retrieval_only,1701,test_scale_camera_10302,scale_camera,owner_context_zero,True,,0.0,0.0,0.0,124,27,0,27,27,0.46435776352882385,4.41102409362793,3.1395263671875,4.87968635559082,0.011593960225582123,0.1082199290394783,95,124,0.7661290322580645,95,124,0.7661290322580645,0,0,,0,0,,0,0,,0,0,,29,124,0.23387096774193547,29,124,0.23387096774193547
retrieval_only_seed1701,retrieval_only,1701,test_scale_camera_10303,scale_camera,forecast_to_anchor,True,True,0.0,0.0,0.0,124,9,0,9,9,0.24481837451457977,2.366035223007202,0.02145974338054657,0.06378854066133499,0.00030998693546280265,2.3274651539395563e-05,124,124,1.0,124,124,1.0,0,0,,0,0,,0,0,,0,0,,0,124,0.0,0,124,0.0
retrieval_only_seed1701,retrieval_only,1701,test_scale_camera_10303,scale_camera,owner_context_zero,True,,0.0,0.0,0.0,124,13,0,13,13,0.39263004064559937,3.245697021484375,3.1065573692321777,4.515034198760986,0.011158258654177189,0.1278739720582962,124,124,1.0,124,124,1.0,0,0,,0,0,,0,0,,0,0,,0,124,0.0,0,124,0.0
retrieval_only_seed1701,retrieval_only,1701,test_scale_camera_10304,scale_camera,forecast_to_anchor,True,True,0.0,0.0,0.0,124,8,0,8,8,0.2367580085992813,1.7072055339813232,0.02715643309056759,0.09051597863435745,0.00030933800735510886,2.9548520615207963e-05,124,124,1.0,124,124,1.0,0,0,,0,0,,0,0,,0,0,,0,124,0.0,0,124,0.0
retrieval_only_seed1701,retrieval_only,1701,test_scale_camera_10304,scale_camera,owner_context_zero,True,,0.0,0.0,0.0,124,15,0,15,15,0.405775785446167,2.9646172523498535,3.133164644241333,4.592184543609619,0.011260854080319405,0.11913815140724182,124,124,1.0,124,124,1.0,0,0,,0,0,,0,0,,0,0,,0,124,0.0,0,124,0.0
retrieval_only_seed1701,retrieval_only,1701,test_scale_camera_10305,scale_camera,forecast_to_anchor,True,True,0.0,0.0,0.0,124,8,0,8,8,0.24654023349285126,1.6170275211334229,0.06246553361415863,0.24407394230365753,0.0003288080624770373,0.0003447066410444677,124,124,1.0,124,124,1.0,0,0,,0,0,,0,0,,0,0,,0,124,0.0,0,124,0.0
retrieval_only_seed1701,retrieval_only,1701,test_scale_camera_10305,scale_camera,owner_context_zero,True,,0.0,0.0,0.0,124,15,0,15,15,0.3795059323310852,3.952892780303955,2.8022093772888184,4.795675277709961,0.010864567011594772,0.1602458953857422,124,124,1.0,124,124,1.0,0,0,,0,0,,0,0,,0,0,,0,124,0.0,0,124,0.0
predictive_seed1701,predictive,1701,test_long_occlusion_10100,long_occlusion,forecast_to_anchor,True,True,0.0,0.0,0.0,121,4,0,19,4,0.23070165514945984,1.6478712558746338,0.07251128554344177,0.20263336598873138,0.004106476437300444,0.00013706904428545386,72,80,0.9,72,80,0.9,0,41,0.0,0,41,0.0,0,2,0.0,0,2,0.0,0,80,0.0,0,80,0.0
predictive_seed1701,predictive,1701,test_long_occlusion_10100,long_occlusion,owner_context_zero,True,,0.0,0.0,0.0,121,57,49,29,8,0.585293710231781,6.930474281311035,1.3543590307235718,3.21380352973938,0.32261091470718384,0.07766715437173843,72,80,0.9,80,80,1.0,0,41,0.0,41,41,1.0,0,2,0.0,2,2,1.0,0,80,0.0,0,80,0.0
predictive_seed1701,predictive,1701,test_long_occlusion_10101,long_occlusion,forecast_to_anchor,True,True,0.0,0.0,0.0,119,2,0,7,2,0.155793696641922,1.296635389328003,0.05179445818066597,0.21112771332263947,0.0031662792898714542,0.00011590843496378511,72,80,0.9,72,80,0.9,0,39,0.0,0,39,0.0,0,2,0.0,0,2,0.0,0,80,0.0,0,80,0.0
predictive_seed1701,predictive,1701,test_long_occlusion_10101,long_occlusion,owner_context_zero,True,,0.0,0.0,0.0,119,50,47,33,3,0.6283353567123413,8.52440071105957,1.6346466541290283,3.6118342876434326,0.38028138875961304,0.07404132187366486,72,80,0.9,80,80,1.0,0,39,0.0,39,39,1.0,0,2,0.0,2,2,1.0,0,80,0.0,0,80,0.0
predictive_seed1701,predictive,1701,test_long_occlusion_10102,long_occlusion,forecast_to_anchor,True,True,0.0,0.0,0.0,120,3,0,14,3,0.1939459592103958,1.476942539215088,0.0686476081609726,0.2703559696674347,0.0049556540325284,0.0001682985166553408,72,80,0.9,72,80,0.9,0,40,0.0,0,40,0.0,0,2,0.0,0,2,0.0,0,80,0.0,0,80,0.0
predictive_seed1701,predictive,1701,test_long_occlusion_10102,long_occlusion,owner_context_zero,True,,0.0,0.0,0.0,120,52,48,24,4,0.6386411190032959,8.2173490524292,1.559292197227478,3.321223258972168,0.36460450291633606,0.0710449293255806,72,80,0.9,80,80,1.0,0,40,0.0,40,40,1.0,0,2,0.0,2,2,1.0,0,80,0.0,0,80,0.0
predictive_seed1701,predictive,1701,test_long_occlusion_10103,long_occlusion,forecast_to_anchor,True,True,0.0,0.0,0.0,120,5,0,11,5,0.18147630989551544,1.4213075637817383,0.05448184162378311,0.17218497395515442,0.0036164349876344204,7.386649667751044e-05,70,78,0.8974358974358975,70,78,0.8974358974358975,0,42,0.0,0,42,0.0,0,2,0.0,0,2,0.0,0,78,0.0,0,78,0.0
predictive_seed1701,predictive,1701,test_long_occlusion_10103,long_occlusion,owner_context_zero,True,,0.0,0.0,0.0,120,58,50,29,8,0.5778970718383789,7.043298721313477,1.4633957147598267,3.108464241027832,0.3644776940345764,0.0659894272685051,70,78,0.8974358974358975,78,78,1.0,0,42,0.0,42,42,1.0,0,2,0.0,2,2,1.0,0,78,0.0,0,78,0.0
predictive_seed1701,predictive,1701,test_long_occlusion_10104,long_occlusion,forecast_to_anchor,True,True,0.0,0.0,0.0,120,5,0,12,5,0.22240857779979706,1.6429729461669922,0.08345399796962738,0.24537363648414612,0.005016341805458069,0.00018746092973742634,70,78,0.8974358974358975,70,78,0.8974358974358975,2,42,0.047619047619047616,2,42,0.047619047619047616,0,2,0.0,0,2,0.0,0,78,0.0,0,78,0.0
predictive_seed1701,predictive,1701,test_long_occlusion_10104,long_occlusion,owner_context_zero,True,,0.0,0.0,0.0,120,54,48,40,6,0.5918353796005249,7.716306686401367,1.4172645807266235,3.3616132736206055,0.3150463104248047,0.07536914199590683,70,78,0.8974358974358975,78,78,1.0,2,42,0.047619047619047616,42,42,1.0,0,2,0.0,2,2,1.0,0,78,0.0,0,78,0.0
predictive_seed1701,predictive,1701,test_long_occlusion_10105,long_occlusion,forecast_to_anchor,True,True,0.0,0.0,0.0,122,6,1,9,5,0.1746813803911209,1.187235713005066,0.09512816369533539,0.4452882707118988,0.010795542038977146,0.00026947594597004354,76,80,0.95,76,80,0.95,3,42,0.07142857142857142,4,42,0.09523809523809523,1,2,0.5,1,2,0.5,0,80,0.0,0,80,0.0
predictive_seed1701,predictive,1701,test_long_occlusion_10105,long_occlusion,owner_context_zero,True,,0.0,0.0,0.0,122,49,43,35,6,0.5998356342315674,6.237602233886719,1.2631124258041382,2.727155923843384,0.26865750551223755,0.07140057533979416,76,80,0.95,80,80,1.0,3,42,0.07142857142857142,42,42,1.0,1,2,0.5,2,2,1.0,0,80,0.0,0,80,0.0
predictive_seed1701,predictive,1701,test_crossing_10200,crossing,forecast_to_anchor,True,True,0.0,0.0,0.0,120,21,1,23,20,0.3888827860355377,4.154531478881836,0.13503864407539368,0.5617168545722961,0.008509580045938492,0.001266442472115159,104,118,0.8813559322033898,91,118,0.7711864406779662,0,2,0.0,0,2,0.0,0,1,0.0,0,1,0.0,3,118,0.025423728813559324,17,118,0.1440677966101695
predictive_seed1701,predictive,1701,test_crossing_10200,crossing,owner_context_zero,True,,0.0,0.0,0.0,120,30,13,23,17,0.6194846034049988,6.923436641693115,1.297515630722046,2.6755032539367676,0.1379466950893402,0.06517451256513596,104,118,0.8813559322033898,112,118,0.9491525423728814,0,2,0.0,2,2,1.0,0,1,0.0,0,1,0.0,3,118,0.025423728813559324,6,118,0.05084745762711865
predictive_seed1701,predictive,1701,test_crossing_10201,crossing,forecast_to_anchor,True,True,0.0,0.0,0.0,120,31,0,32,31,0.5884749293327332,4.91987419128418,0.09226075559854507,0.4653501510620117,0.005189352668821812,0.0013420686591416597,113,118,0.9576271186440678,96,118,0.8135593220338984,0,2,0.0,0,2,0.0,0,1,0.0,0,1,0.0,0,118,0.0,17,118,0.1440677966101695
predictive_seed1701,predictive,1701,test_crossing_10201,crossing,owner_context_zero,True,,0.0,0.0,0.0,120,23,7,18,16,0.6164688467979431,6.220532417297363,1.1130447387695312,2.4434432983398438,0.07936429977416992,0.06977476179599762,113,118,0.9576271186440678,114,118,0.9661016949152542,0,2,0.0,2,2,1.0,0,1,0.0,0,1,0.0,0,118,0.0,4,118,0.03389830508474576
predictive_seed1701,predictive,1701,test_crossing_10202,crossing,forecast_to_anchor,True,True,0.0,0.0,0.0,119,19,0,19,19,0.4997934103012085,4.460733890533447,0.14506123960018158,0.5752586722373962,0.007759568281471729,0.0008543969597667456,108,116,0.9310344827586207,99,116,0.853448275862069,0,3,0.0,0,3,0.0,0,1,0.0,0,1,0.0,2,116,0.017241379310344827,11,116,0.09482758620689655
predictive_seed1701,predictive,1701,test_crossing_10202,crossing,owner_context_zero,True,,0.0,0.0,0.0,119,22,8,15,14,0.581063449382782,7.331634998321533,1.2303476333618164,2.6878931522369385,0.11025240272283554,0.05887553095817566,108,116,0.9310344827586207,111,116,0.9568965517241379,0,3,0.0,3,3,1.0,0,1,0.0,1,1,1.0,2,116,0.017241379310344827,4,116,0.034482758620689655
predictive_seed1701,predictive,1701,test_crossing_10203,crossing,forecast_to_anchor,True,True,0.0,0.0,0.0,119,25,1,25,24,0.40472638607025146,4.566208839416504,0.14854997396469116,0.7252758145332336,0.011169963516294956,0.0022203114349395037,111,117,0.9487179487179487,93,117,0.7948717948717948,0,2,0.0,0,2,0.0,0,1,0.0,0,1,0.0,0,117,0.0,20,117,0.17094017094017094
predictive_seed1701,predictive,1701,test_crossing_10203,crossing,owner_context_zero,True,,0.0,0.0,0.0,119,28,7,24,21,0.6280531883239746,6.807882308959961,1.2620974779129028,2.541271924972534,0.0927325040102005,0.06829491257667542,111,117,0.9487179487179487,101,117,0.8632478632478633,0,2,0.0,2,2,1.0,0,1,0.0,0,1,0.0,0,117,0.0,14,117,0.11965811965811966
predictive_seed1701,predictive,1701,test_crossing_10204,crossing,forecast_to_anchor,True,True,0.0,0.0,0.0,121,29,0,29,29,0.6443988680839539,5.429205417633057,0.1238592192530632,0.6852135062217712,0.008377023041248322,0.001619639340788126,114,119,0.957983193277311,98,119,0.8235294117647058,0,2,0.0,0,2,0.0,0,1,0.0,0,1,0.0,0,119,0.0,16,119,0.13445378151260504
predictive_seed1701,predictive,1701,test_crossing_10204,crossing,owner_context_zero,True,,0.0,0.0,0.0,121,21,7,14,14,0.6176059246063232,6.896179676055908,1.0712686777114868,2.424938440322876,0.0782482847571373,0.0694805234670639,114,119,0.957983193277311,116,119,0.9747899159663865,0,2,0.0,2,2,1.0,0,1,0.0,1,1,1.0,0,119,0.0,3,119,0.025210084033613446
predictive_seed1701,predictive,1701,test_crossing_10205,crossing,forecast_to_anchor,True,True,0.0,0.0,0.0,120,20,1,19,19,0.6441322565078735,6.183199405670166,0.06397771090269089,0.312114417552948,0.005712405778467655,0.000249326229095459,115,118,0.9745762711864406,114,118,0.9661016949152542,0,2,0.0,0,2,0.0,0,1,0.0,0,1,0.0,0,118,0.0,2,118,0.01694915254237288
predictive_seed1701,predictive,1701,test_crossing_10205,crossing,owner_context_zero,True,,0.0,0.0,0.0,120,14,4,11,10,0.5898621082305908,6.317521095275879,1.0067774057388306,2.180100202560425,0.049945179373025894,0.06979287415742874,115,118,0.9745762711864406,116,118,0.9830508474576272,0,2,0.0,2,2,1.0,0,1,0.0,0,1,0.0,0,118,0.0,1,118,0.00847457627118644
predictive_seed1701,predictive,1701,test_scale_camera_10300,scale_camera,forecast_to_anchor,True,True,0.0,0.0,0.0,124,37,0,37,37,0.5429980754852295,4.55613899230957,0.08835180848836899,0.37285566329956055,9.703251271275803e-05,0.0032823868095874786,75,124,0.6048387096774194,108,124,0.8709677419354839,0,0,,0,0,,0,0,,0,0,,49,124,0.3951612903225806,16,124,0.12903225806451613
predictive_seed1701,predictive,1701,test_scale_camera_10300,scale_camera,owner_context_zero,True,,0.0,0.0,0.0,124,45,0,45,45,0.7202240228652954,4.29093074798584,0.657515287399292,0.9694096446037292,0.0015931874513626099,0.061234649270772934,75,124,0.6048387096774194,74,124,0.5967741935483871,0,0,,0,0,,0,0,,0,0,,49,124,0.3951612903225806,50,124,0.4032258064516129
predictive_seed1701,predictive,1701,test_scale_camera_10301,scale_camera,forecast_to_anchor,True,True,0.0,0.0,0.0,124,6,0,6,6,0.3347308039665222,1.7602922916412354,0.00955554936081171,0.03848195821046829,0.00012339025852270424,2.775941993604647e-06,124,124,1.0,124,124,1.0,0,0,,0,0,,0,0,,0,0,,0,124,0.0,0,124,0.0
predictive_seed1701,predictive,1701,test_scale_camera_10301,scale_camera,owner_context_zero,True,,0.0,0.0,0.0,124,7,0,7,7,0.33709585666656494,2.5396862030029297,0.6523641347885132,1.036821722984314,0.0010332883102819324,0.02956792339682579,124,124,1.0,124,124,1.0,0,0,,0,0,,0,0,,0,0,,0,124,0.0,0,124,0.0
predictive_seed1701,predictive,1701,test_scale_camera_10302,scale_camera,forecast_to_anchor,True,True,0.0,0.0,0.0,124,20,0,20,20,0.4349067807197571,3.8288557529449463,0.06805186718702316,0.2870248556137085,7.780088344588876e-05,0.0014990413328632712,94,124,0.7580645161290323,114,124,0.9193548387096774,0,0,,0,0,,0,0,,0,0,,30,124,0.24193548387096775,10,124,0.08064516129032258
predictive_seed1701,predictive,1701,test_scale_camera_10302,scale_camera,owner_context_zero,True,,0.0,0.0,0.0,124,42,0,42,42,0.7410881519317627,4.769423961639404,0.6614283323287964,0.9593523740768433,0.0014948580646887422,0.06145874783396721,94,124,0.7580645161290323,76,124,0.6129032258064516,0,0,,0,0,,0,0,,0,0,,30,124,0.24193548387096775,48,124,0.3870967741935484
predictive_seed1701,predictive,1701,test_scale_camera_10303,scale_camera,forecast_to_anchor,True,True,0.0,0.0,0.0,124,6,0,6,6,0.29441606998443604,1.8022956848144531,0.012289470992982388,0.03318829834461212,0.0001366085489280522,3.114823357464047e-06,124,124,1.0,124,124,1.0,0,0,,0,0,,0,0,,0,0,,0,124,0.0,0,124,0.0
predictive_seed1701,predictive,1701,test_scale_camera_10303,scale_camera,owner_context_zero,True,,0.0,0.0,0.0,124,6,0,6,6,0.40416860580444336,3.1027517318725586,0.6369470357894897,0.9993399381637573,0.0012170033296570182,0.034596722573041916,124,124,1.0,124,124,1.0,0,0,,0,0,,0,0,,0,0,,0,124,0.0,0,124,0.0
predictive_seed1701,predictive,1701,test_scale_camera_10304,scale_camera,forecast_to_anchor,True,True,0.0,0.0,0.0,124,9,0,9,9,0.3073504567146301,2.1831607818603516,0.014458195306360722,0.04302207753062248,9.490837692283094e-05,6.1368746173684485e-06,124,124,1.0,124,124,1.0,0,0,,0,0,,0,0,,0,0,,0,124,0.0,0,124,0.0
predictive_seed1701,predictive,1701,test_scale_camera_10304,scale_camera,owner_context_zero,True,,0.0,0.0,0.0,124,14,0,14,14,0.37580442428588867,3.211256980895996,0.6325570344924927,0.9600718021392822,0.0010987697169184685,0.03163156285881996,124,124,1.0,124,124,1.0,0,0,,0,0,,0,0,,0,0,,0,124,0.0,0,124,0.0
predictive_seed1701,predictive,1701,test_scale_camera_10305,scale_camera,forecast_to_anchor,True,True,0.0,0.0,0.0,124,7,0,7,7,0.22327867150306702,1.5743908882141113,0.018933095037937164,0.058598894625902176,9.878796845441684e-05,7.068918421282433e-06,124,124,1.0,124,124,1.0,0,0,,0,0,,0,0,,0,0,,0,124,0.0,0,124,0.0
predictive_seed1701,predictive,1701,test_scale_camera_10305,scale_camera,owner_context_zero,True,,0.0,0.0,0.0,124,12,0,12,12,0.5454307198524475,4.894456386566162,0.6553024649620056,1.0939065217971802,0.0010704012820497155,0.050231508910655975,124,124,1.0,124,124,1.0,0,0,,0,0,,0,0,,0,0,,0,124,0.0,0,124,0.0
retrieval_only_seed1702,retrieval_only,1702,test_long_occlusion_10100,long_occlusion,forecast_to_anchor,True,True,0.0,0.0,0.0,121,3,0,7,3,0.3183176815509796,1.7702264785766602,0.13521596789360046,0.35368743538856506,0.0439276359975338,9.996948210755363e-05,69,80,0.8625,69,80,0.8625,0,41,0.0,0,41,0.0,0,2,0.0,0,2,0.0,0,80,0.0,0,80,0.0
retrieval_only_seed1702,retrieval_only,1702,test_long_occlusion_10100,long_occlusion,owner_context_zero,True,,0.0,0.0,0.0,121,44,38,9,6,0.5392886400222778,3.53751277923584,5.90416955947876,10.616361618041992,0.2725415825843811,0.43622887134552,69,80,0.8625,80,80,1.0,0,41,0.0,27,41,0.6585365853658537,0,2,0.0,2,2,1.0,0,80,0.0,0,80,0.0
retrieval_only_seed1702,retrieval_only,1702,test_long_occlusion_10101,long_occlusion,forecast_to_anchor,True,True,0.0,0.0,0.0,119,5,0,9,5,0.2755075693130493,1.801579475402832,0.1824522316455841,0.530380129814148,0.045930393040180206,0.00023089155729394406,71,80,0.8875,71,80,0.8875,0,39,0.0,0,39,0.0,0,2,0.0,0,2,0.0,0,80,0.0,0,80,0.0
retrieval_only_seed1702,retrieval_only,1702,test_long_occlusion_10101,long_occlusion,owner_context_zero,True,,0.0,0.0,0.0,119,57,48,12,9,0.4261929988861084,3.982937812805176,5.598128795623779,9.306394577026367,0.24921299517154694,0.4405556321144104,71,80,0.8875,80,80,1.0,0,39,0.0,39,39,1.0,0,2,0.0,2,2,1.0,0,80,0.0,0,80,0.0
retrieval_only_seed1702,retrieval_only,1702,test_long_occlusion_10102,long_occlusion,forecast_to_anchor,True,True,0.0,0.0,0.0,120,4,0,8,4,0.21948827803134918,2.076953411102295,0.168832466006279,0.46951356530189514,0.04649254307150841,0.0001930993312271312,70,80,0.875,70,80,0.875,0,40,0.0,0,40,0.0,0,2,0.0,0,2,0.0,0,80,0.0,0,80,0.0
retrieval_only_seed1702,retrieval_only,1702,test_long_occlusion_10102,long_occlusion,owner_context_zero,True,,0.0,0.0,0.0,120,52,50,11,2,0.33722832798957825,3.493687629699707,5.989332675933838,10.273029327392578,0.2686152756214142,0.5085507035255432,70,80,0.875,80,80,1.0,0,40,0.0,40,40,1.0,0,2,0.0,2,2,1.0,0,80,0.0,0,80,0.0
retrieval_only_seed1702,retrieval_only,1702,test_long_occlusion_10103,long_occlusion,forecast_to_anchor,True,True,0.0,0.0,0.0,120,2,0,6,2,0.22030013799667358,1.7847309112548828,0.15345509350299835,0.3903505206108093,0.046205855906009674,0.00015034934040158987,68,78,0.8717948717948718,68,78,0.8717948717948718,0,42,0.0,0,42,0.0,0,2,0.0,0,2,0.0,0,78,0.0,0,78,0.0
retrieval_only_seed1702,retrieval_only,1702,test_long_occlusion_10103,long_occlusion,owner_context_zero,True,,0.0,0.0,0.0,120,54,43,17,11,0.321191668510437,3.338322639465332,5.86784553527832,9.994220733642578,0.26218074560165405,0.4852016270160675,68,78,0.8717948717948718,78,78,1.0,0,42,0.0,33,42,0.7857142857142857,0,2,0.0,2,2,1.0,0,78,0.0,0,78,0.0
retrieval_only_seed1702,retrieval_only,1702,test_long_occlusion_10104,long_occlusion,forecast_to_anchor,True,True,0.0,0.0,0.0,120,3,0,4,3,0.3040798604488373,1.8330960273742676,0.18376532196998596,0.5916231274604797,0.045654043555259705,0.00022193981567397714,70,78,0.8974358974358975,70,78,0.8974358974358975,0,42,0.0,0,42,0.0,0,2,0.0,0,2,0.0,0,78,0.0,0,78,0.0
retrieval_only_seed1702,retrieval_only,1702,test_long_occlusion_10104,long_occlusion,owner_context_zero,True,,0.0,0.0,0.0,120,57,50,10,7,0.4994700849056244,3.7078514099121094,5.844680309295654,9.698412895202637,0.26015815138816833,0.4364302158355713,70,78,0.8974358974358975,78,78,1.0,0,42,0.0,42,42,1.0,0,2,0.0,2,2,1.0,0,78,0.0,0,78,0.0
retrieval_only_seed1702,retrieval_only,1702,test_long_occlusion_10105,long_occlusion,forecast_to_anchor,True,True,0.0,0.0,0.0,122,3,0,5,3,0.28160929679870605,1.7843585014343262,0.18414369225502014,0.5902602672576904,0.04511289298534393,0.00022620250820182264,72,80,0.9,72,80,0.9,0,42,0.0,0,42,0.0,0,2,0.0,0,2,0.0,0,80,0.0,0,80,0.0
retrieval_only_seed1702,retrieval_only,1702,test_long_occlusion_10105,long_occlusion,owner_context_zero,True,,0.0,0.0,0.0,122,54,50,9,4,0.5107570886611938,3.5388779640197754,5.847036361694336,9.964620590209961,0.2592291235923767,0.4408743977546692,72,80,0.9,79,80,0.9875,0,42,0.0,42,42,1.0,0,2,0.0,2,2,1.0,0,80,0.0,1,80,0.0125
retrieval_only_seed1702,retrieval_only,1702,test_crossing_10200,crossing,forecast_to_anchor,True,True,0.0,0.0,0.0,120,18,0,18,18,0.27349892258644104,1.9989819526672363,0.09347334504127502,0.1487732082605362,0.07354550063610077,3.059496884816326e-05,104,118,0.8813559322033898,105,118,0.8898305084745762,2,2,1.0,2,2,1.0,0,1,0.0,0,1,0.0,14,118,0.11864406779661017,13,118,0.11016949152542373
retrieval_only_seed1702,retrieval_only,1702,test_crossing_10200,crossing,owner_context_zero,True,,0.0,0.0,0.0,120,18,0,18,18,0.5297122001647949,2.6606879234313965,8.350584030151367,11.419182777404785,0.10932499170303345,0.6836888790130615,104,118,0.8813559322033898,108,118,0.9152542372881356,2,2,1.0,2,2,1.0,0,1,0.0,0,1,0.0,14,118,0.11864406779661017,10,118,0.0847457627118644
retrieval_only_seed1702,retrieval_only,1702,test_crossing_10201,crossing,forecast_to_anchor,True,True,0.0,0.0,0.0,120,6,0,6,6,0.27188557386398315,2.1977157592773438,0.10544060170650482,0.22531065344810486,0.06955881416797638,5.44094255019445e-05,109,118,0.923728813559322,110,118,0.9322033898305084,2,2,1.0,2,2,1.0,0,1,0.0,0,1,0.0,9,118,0.07627118644067797,8,118,0.06779661016949153
retrieval_only_seed1702,retrieval_only,1702,test_crossing_10201,crossing,owner_context_zero,True,,0.0,0.0,0.0,120,19,0,19,19,0.5329084396362305,2.3103694915771484,7.228558540344238,11.991588592529297,0.08384282141923904,0.5671505331993103,109,118,0.923728813559322,114,118,0.9661016949152542,2,2,1.0,2,2,1.0,0,1,0.0,0,1,0.0,9,118,0.07627118644067797,4,118,0.03389830508474576
retrieval_only_seed1702,retrieval_only,1702,test_crossing_10202,crossing,forecast_to_anchor,True,True,0.0,0.0,0.0,119,17,0,17,17,0.28838250041007996,1.7913931608200073,0.0869000107049942,0.13443008065223694,0.0733400285243988,2.3949049136717804e-05,106,116,0.9137931034482759,104,116,0.896551724137931,3,3,1.0,3,3,1.0,1,1,1.0,1,1,1.0,9,116,0.07758620689655173,11,116,0.09482758620689655
retrieval_only_seed1702,retrieval_only,1702,test_crossing_10202,crossing,owner_context_zero,True,,0.0,0.0,0.0,119,17,0,17,17,0.49624529480934143,2.472649335861206,7.82777738571167,10.896872520446777,0.07992234081029892,0.5688892602920532,106,116,0.9137931034482759,108,116,0.9310344827586207,3,3,1.0,3,3,1.0,1,1,1.0,1,1,1.0,9,116,0.07758620689655173,7,116,0.0603448275862069
retrieval_only_seed1702,retrieval_only,1702,test_crossing_10203,crossing,forecast_to_anchor,True,True,0.0,0.0,0.0,119,12,0,12,12,0.2846076190471649,1.935333251953125,0.08999846130609512,0.14255276322364807,0.07515519112348557,2.65509843302425e-05,111,117,0.9487179487179487,110,117,0.9401709401709402,2,2,1.0,2,2,1.0,0,1,0.0,0,1,0.0,6,117,0.05128205128205128,7,117,0.05982905982905983
retrieval_only_seed1702,retrieval_only,1702,test_crossing_10203,crossing,owner_context_zero,True,,0.0,0.0,0.0,119,15,0,15,15,0.4524513781070709,2.3500730991363525,8.089755058288574,11.203518867492676,0.08867121487855911,0.6248666644096375,111,117,0.9487179487179487,108,117,0.9230769230769231,2,2,1.0,2,2,1.0,0,1,0.0,0,1,0.0,6,117,0.05128205128205128,9,117,0.07692307692307693
retrieval_only_seed1702,retrieval_only,1702,test_crossing_10204,crossing,forecast_to_anchor,True,True,0.0,0.0,0.0,121,14,0,14,14,0.30314919352531433,2.057647705078125,0.09854654967784882,0.17958733439445496,0.07243695855140686,3.780712722800672e-05,112,119,0.9411764705882353,111,119,0.9327731092436975,2,2,1.0,2,2,1.0,0,1,0.0,0,1,0.0,7,119,0.058823529411764705,8,119,0.06722689075630252
retrieval_only_seed1702,retrieval_only,1702,test_crossing_10204,crossing,owner_context_zero,True,,0.0,0.0,0.0,121,20,0,20,20,0.5182865262031555,2.4776792526245117,7.791614055633545,12.244223594665527,0.0895683541893959,0.6135846972465515,112,119,0.9411764705882353,115,119,0.9663865546218487,2,2,1.0,2,2,1.0,0,1,0.0,0,1,0.0,7,119,0.058823529411764705,4,119,0.03361344537815126
retrieval_only_seed1702,retrieval_only,1702,test_crossing_10205,crossing,forecast_to_anchor,True,True,0.0,0.0,0.0,120,9,0,9,9,0.28959012031555176,2.1962571144104004,0.08146160840988159,0.12647810578346252,0.0711018443107605,1.9977649571956135e-05,116,118,0.9830508474576272,116,118,0.9830508474576272,2,2,1.0,2,2,1.0,0,1,0.0,0,1,0.0,1,118,0.00847457627118644,1,118,0.00847457627118644
retrieval_only_seed1702,retrieval_only,1702,test_crossing_10205,crossing,owner_context_zero,True,,0.0,0.0,0.0,120,12,0,12,12,0.5272766947746277,2.3452768325805664,7.247917652130127,11.16033935546875,0.05261474475264549,0.5029322504997253,116,118,0.9830508474576272,116,118,0.9830508474576272,2,2,1.0,2,2,1.0,0,1,0.0,0,1,0.0,1,118,0.00847457627118644,1,118,0.00847457627118644
retrieval_only_seed1702,retrieval_only,1702,test_scale_camera_10300,scale_camera,forecast_to_anchor,True,True,0.0,0.0,0.0,124,17,0,17,17,0.2904607057571411,2.058371067047119,0.0840441957116127,0.1274937391281128,0.07327591627836227,2.1946525521343574e-05,106,124,0.8548387096774194,101,124,0.8145161290322581,0,0,,0,0,,0,0,,0,0,,18,124,0.14516129032258066,23,124,0.18548387096774194
retrieval_only_seed1702,retrieval_only,1702,test_scale_camera_10300,scale_camera,owner_context_zero,True,,0.0,0.0,0.0,124,16,0,16,16,0.5922792553901672,2.1534578800201416,6.206245422363281,8.934564590454102,0.029091468080878258,0.3408330976963043,106,124,0.8548387096774194,100,124,0.8064516129032258,0,0,,0,0,,0,0,,0,0,,18,124,0.14516129032258066,24,124,0.1935483870967742
retrieval_only_seed1702,retrieval_only,1702,test_scale_camera_10301,scale_camera,forecast_to_anchor,True,True,0.0,0.0,0.0,124,11,0,11,11,0.24836590886116028,1.7359826564788818,0.0786253809928894,0.12298902124166489,0.07269436120986938,1.7879950974020176e-05,124,124,1.0,124,124,1.0,0,0,,0,0,,0,0,,0,0,,0,124,0.0,0,124,0.0
retrieval_only_seed1702,retrieval_only,1702,test_scale_camera_10301,scale_camera,owner_context_zero,True,,0.0,0.0,0.0,124,9,0,9,9,0.4959452450275421,1.8468296527862549,5.763685703277588,9.135970115661621,0.021130062639713287,0.2970944941043854,124,124,1.0,124,124,1.0,0,0,,0,0,,0,0,,0,0,,0,124,0.0,0,124,0.0
retrieval_only_seed1702,retrieval_only,1702,test_scale_camera_10302,scale_camera,forecast_to_anchor,True,True,0.0,0.0,0.0,124,14,0,14,14,0.30410680174827576,1.9848065376281738,0.08530701696872711,0.12929517030715942,0.07420050352811813,2.2898757379152812e-05,111,124,0.8951612903225806,109,124,0.8790322580645161,0,0,,0,0,,0,0,,0,0,,13,124,0.10483870967741936,15,124,0.12096774193548387
retrieval_only_seed1702,retrieval_only,1702,test_scale_camera_10302,scale_camera,owner_context_zero,True,,0.0,0.0,0.0,124,24,0,24,24,0.5818078517913818,2.2357101440429688,6.220104694366455,8.826101303100586,0.02921496517956257,0.3446270525455475,111,124,0.8951612903225806,109,124,0.8790322580645161,0,0,,0,0,,0,0,,0,0,,13,124,0.10483870967741936,15,124,0.12096774193548387
retrieval_only_seed1702,retrieval_only,1702,test_scale_camera_10303,scale_camera,forecast_to_anchor,True,True,0.0,0.0,0.0,124,10,0,10,10,0.26293739676475525,1.7999653816223145,0.07922393828630447,0.12253329902887344,0.07323447614908218,1.826641891966574e-05,124,124,1.0,124,124,1.0,0,0,,0,0,,0,0,,0,0,,0,124,0.0,0,124,0.0
retrieval_only_seed1702,retrieval_only,1702,test_scale_camera_10303,scale_camera,owner_context_zero,True,,0.0,0.0,0.0,124,7,0,7,7,0.48291638493537903,1.884346604347229,5.8656005859375,9.219627380371094,0.02052765153348446,0.30975469946861267,124,124,1.0,124,124,1.0,0,0,,0,0,,0,0,,0,0,,0,124,0.0,0,124,0.0
retrieval_only_seed1702,retrieval_only,1702,test_scale_camera_10304,scale_camera,forecast_to_anchor,True,True,0.0,0.0,0.0,124,9,0,9,9,0.2518117129802704,1.7696642875671387,0.07986849546432495,0.12248501181602478,0.07373069226741791,1.871345375548117e-05,124,124,1.0,124,124,1.0,0,0,,0,0,,0,0,,0,0,,0,124,0.0,0,124,0.0
retrieval_only_seed1702,retrieval_only,1702,test_scale_camera_10304,scale_camera,owner_context_zero,True,,0.0,0.0,0.0,124,10,0,10,10,0.49099838733673096,2.005293369293213,5.876034259796143,8.78176212310791,0.02025706134736538,0.3086358308792114,124,124,1.0,124,124,1.0,0,0,,0,0,,0,0,,0,0,,0,124,0.0,0,124,0.0
retrieval_only_seed1702,retrieval_only,1702,test_scale_camera_10305,scale_camera,forecast_to_anchor,True,True,0.0,0.0,0.0,124,8,0,8,8,0.2634943723678589,1.7385051250457764,0.08024884760379791,0.12288884818553925,0.07216037809848785,2.0404015231179073e-05,124,124,1.0,124,124,1.0,0,0,,0,0,,0,0,,0,0,,0,124,0.0,0,124,0.0
retrieval_only_seed1702,retrieval_only,1702,test_scale_camera_10305,scale_camera,owner_context_zero,True,,0.0,0.0,0.0,124,9,0,9,9,0.5518989562988281,2.3867053985595703,6.071588039398193,8.954556465148926,0.026730136945843697,0.35512077808380127,124,124,1.0,124,124,1.0,0,0,,0,0,,0,0,,0,0,,0,124,0.0,0,124,0.0
predictive_seed1702,predictive,1702,test_long_occlusion_10100,long_occlusion,forecast_to_anchor,True,True,0.0,0.0,0.0,121,3,1,18,2,0.2489824891090393,2.393144130706787,0.12362370640039444,1.2916828393936157,0.014434807933866978,0.00021382732666097581,79,80,0.9875,78,80,0.975,0,41,0.0,0,41,0.0,1,2,0.5,1,2,0.5,0,80,0.0,0,80,0.0
predictive_seed1702,predictive,1702,test_long_occlusion_10100,long_occlusion,owner_context_zero,True,,0.0,0.0,0.0,121,48,41,24,7,0.44849005341529846,5.676904201507568,2.0153448581695557,5.042438983917236,0.26810452342033386,0.06371790915727615,79,80,0.9875,80,80,1.0,0,41,0.0,40,41,0.975609756097561,1,2,0.5,2,2,1.0,0,80,0.0,0,80,0.0
predictive_seed1702,predictive,1702,test_long_occlusion_10101,long_occlusion,forecast_to_anchor,True,True,0.0,0.0,0.0,119,3,0,6,3,0.17082354426383972,1.2616291046142578,0.10736992955207825,0.5642195343971252,0.009542015381157398,0.00024319367366842926,76,80,0.95,76,80,0.95,0,39,0.0,0,39,0.0,1,2,0.5,1,2,0.5,0,80,0.0,0,80,0.0
predictive_seed1702,predictive,1702,test_long_occlusion_10101,long_occlusion,owner_context_zero,True,,0.0,0.0,0.0,119,56,43,18,13,0.5370838046073914,6.549100875854492,2.2325334548950195,4.9227776527404785,0.34674736857414246,0.06466510891914368,76,80,0.95,80,80,1.0,0,39,0.0,39,39,1.0,1,2,0.5,2,2,1.0,0,80,0.0,0,80,0.0
predictive_seed1702,predictive,1702,test_long_occlusion_10102,long_occlusion,forecast_to_anchor,True,True,0.0,0.0,0.0,120,0,0,6,0,0.16999177634716034,1.1406102180480957,0.1518649458885193,0.8610765337944031,0.013611980713903904,0.0002966388419736177,78,80,0.975,78,80,0.975,0,40,0.0,0,40,0.0,1,2,0.5,1,2,0.5,0,80,0.0,0,80,0.0
predictive_seed1702,predictive,1702,test_long_occlusion_10102,long_occlusion,owner_context_zero,True,,0.0,0.0,0.0,120,44,42,9,2,0.5504620671272278,6.42927885055542,2.0604729652404785,4.808294773101807,0.31729698181152344,0.05935979261994362,78,80,0.975,80,80,1.0,0,40,0.0,40,40,1.0,1,2,0.5,2,2,1.0,0,80,0.0,0,80,0.0
predictive_seed1702,predictive,1702,test_long_occlusion_10103,long_occlusion,forecast_to_anchor,True,True,0.0,0.0,0.0,120,1,0,5,1,0.19068612158298492,1.2071728706359863,0.07407589256763458,0.23368287086486816,0.003977243322879076,0.00010523152013774961,74,78,0.9487179487179487,74,78,0.9487179487179487,0,42,0.0,0,42,0.0,1,2,0.5,1,2,0.5,0,78,0.0,0,78,0.0
predictive_seed1702,predictive,1702,test_long_occlusion_10103,long_occlusion,owner_context_zero,True,,0.0,0.0,0.0,120,51,46,26,5,0.5598377585411072,5.763701915740967,1.9889086484909058,4.761486053466797,0.33913636207580566,0.06125526502728462,74,78,0.9487179487179487,78,78,1.0,0,42,0.0,42,42,1.0,1,2,0.5,2,2,1.0,0,78,0.0,0,78,0.0
predictive_seed1702,predictive,1702,test_long_occlusion_10104,long_occlusion,forecast_to_anchor,True,True,0.0,0.0,0.0,120,4,1,18,3,0.23308643698692322,1.9743542671203613,0.12530168890953064,1.0862815380096436,0.011500862427055836,0.0001933526509674266,78,78,1.0,78,78,1.0,3,42,0.07142857142857142,2,42,0.047619047619047616,2,2,1.0,2,2,1.0,0,78,0.0,0,78,0.0
predictive_seed1702,predictive,1702,test_long_occlusion_10104,long_occlusion,owner_context_zero,True,,0.0,0.0,0.0,120,48,39,30,9,0.4983048737049103,5.987298011779785,1.9777904748916626,4.978060245513916,0.2622673511505127,0.06006203591823578,78,78,1.0,78,78,1.0,3,42,0.07142857142857142,42,42,1.0,2,2,1.0,2,2,1.0,0,78,0.0,0,78,0.0
predictive_seed1702,predictive,1702,test_long_occlusion_10105,long_occlusion,forecast_to_anchor,True,True,0.0,0.0,0.0,122,8,1,16,7,0.2660844326019287,2.7356271743774414,0.11566334962844849,0.5424160957336426,0.014411211013793945,0.00023001382942311466,80,80,1.0,80,80,1.0,19,42,0.4523809523809524,18,42,0.42857142857142855,2,2,1.0,2,2,1.0,0,80,0.0,0,80,0.0
predictive_seed1702,predictive,1702,test_long_occlusion_10105,long_occlusion,owner_context_zero,True,,0.0,0.0,0.0,122,32,23,18,9,0.5332449078559875,5.232546806335449,1.6113508939743042,4.316244602203369,0.15517593920230865,0.05407963693141937,80,80,1.0,80,80,1.0,19,42,0.4523809523809524,42,42,1.0,2,2,1.0,2,2,1.0,0,80,0.0,0,80,0.0
predictive_seed1702,predictive,1702,test_crossing_10200,crossing,forecast_to_anchor,True,True,0.0,0.0,0.0,120,12,1,12,11,0.2739221751689911,2.6866824626922607,0.2270209938287735,1.3423283100128174,0.009787078015506268,0.0005615756963379681,105,118,0.8898305084745762,101,118,0.8559322033898306,0,2,0.0,0,2,0.0,0,1,0.0,0,1,0.0,8,118,0.06779661016949153,13,118,0.11016949152542373
predictive_seed1702,predictive,1702,test_crossing_10200,crossing,owner_context_zero,True,,0.0,0.0,0.0,120,18,7,13,11,0.6211021542549133,5.709478378295898,1.689212679862976,4.849747657775879,0.07464870065450668,0.05379942059516907,105,118,0.8898305084745762,107,118,0.9067796610169492,0,2,0.0,2,2,1.0,0,1,0.0,0,1,0.0,8,118,0.06779661016949153,11,118,0.09322033898305085
predictive_seed1702,predictive,1702,test_crossing_10201,crossing,forecast_to_anchor,True,True,0.0,0.0,0.0,120,22,1,21,21,0.5090179443359375,4.230393409729004,0.12941774725914001,0.7866123914718628,0.006871793419122696,0.0003283475525677204,112,118,0.9491525423728814,108,118,0.9152542372881356,0,2,0.0,0,2,0.0,0,1,0.0,0,1,0.0,3,118,0.025423728813559324,8,118,0.06779661016949153
predictive_seed1702,predictive,1702,test_crossing_10201,crossing,owner_context_zero,True,,0.0,0.0,0.0,120,25,5,21,20,0.5615314841270447,5.934080600738525,1.6654645204544067,4.577012062072754,0.05460472032427788,0.05889441445469856,112,118,0.9491525423728814,110,118,0.9322033898305084,0,2,0.0,2,2,1.0,0,1,0.0,0,1,0.0,3,118,0.025423728813559324,8,118,0.06779661016949153
predictive_seed1702,predictive,1702,test_crossing_10202,crossing,forecast_to_anchor,True,True,0.0,0.0,0.0,119,14,0,14,14,0.2786431312561035,2.889709234237671,0.14714834094047546,0.8464252352714539,0.007638055831193924,0.0002853581972885877,109,116,0.9396551724137931,103,116,0.8879310344827587,0,3,0.0,0,3,0.0,1,1,1.0,1,1,1.0,5,116,0.04310344827586207,11,116,0.09482758620689655
predictive_seed1702,predictive,1702,test_crossing_10202,crossing,owner_context_zero,True,,0.0,0.0,0.0,119,20,4,19,16,0.6081814169883728,6.519083023071289,1.5234569311141968,4.6627702713012695,0.06346601992845535,0.04715161770582199,109,116,0.9396551724137931,108,116,0.9310344827586207,0,3,0.0,3,3,1.0,1,1,1.0,1,1,1.0,5,116,0.04310344827586207,7,116,0.0603448275862069
predictive_seed1702,predictive,1702,test_crossing_10203,crossing,forecast_to_anchor,True,True,0.0,0.0,0.0,119,11,1,11,10,0.26645827293395996,2.9910929203033447,0.12251908332109451,0.8213958740234375,0.008227268233895302,0.0002756310859695077,108,117,0.9230769230769231,104,117,0.8888888888888888,0,2,0.0,0,2,0.0,0,1,0.0,0,1,0.0,6,117,0.05128205128205128,11,117,0.09401709401709402
predictive_seed1702,predictive,1702,test_crossing_10203,crossing,owner_context_zero,True,,0.0,0.0,0.0,119,21,5,18,16,0.6093913912773132,5.796077728271484,1.4942796230316162,4.409024238586426,0.06158684939146042,0.050974950194358826,108,117,0.9230769230769231,108,117,0.9230769230769231,0,2,0.0,2,2,1.0,0,1,0.0,0,1,0.0,6,117,0.05128205128205128,9,117,0.07692307692307693
predictive_seed1702,predictive,1702,test_crossing_10204,crossing,forecast_to_anchor,True,True,0.0,0.0,0.0,121,21,0,21,21,0.5212339758872986,3.971195697784424,0.17895689606666565,1.1605535745620728,0.009304792620241642,0.0005401411326602101,117,119,0.9831932773109243,108,119,0.907563025210084,0,2,0.0,0,2,0.0,0,1,0.0,0,1,0.0,0,119,0.0,9,119,0.07563025210084033
predictive_seed1702,predictive,1702,test_crossing_10204,crossing,owner_context_zero,True,,0.0,0.0,0.0,121,23,4,21,19,0.5949579477310181,6.343862533569336,1.548332929611206,4.372260570526123,0.05342898890376091,0.053634386509656906,117,119,0.9831932773109243,114,119,0.957983193277311,0,2,0.0,2,2,1.0,0,1,0.0,0,1,0.0,0,119,0.0,5,119,0.04201680672268908
predictive_seed1702,predictive,1702,test_crossing_10205,crossing,forecast_to_anchor,True,True,0.0,0.0,0.0,120,16,0,16,16,0.5737870335578918,4.854941368103027,0.09891480207443237,0.7720628380775452,0.006739598698914051,0.0001847830426413566,116,118,0.9830508474576272,115,118,0.9745762711864406,0,2,0.0,0,2,0.0,0,1,0.0,0,1,0.0,1,118,0.00847457627118644,2,118,0.01694915254237288
predictive_seed1702,predictive,1702,test_crossing_10205,crossing,owner_context_zero,True,,0.0,0.0,0.0,120,18,3,16,15,0.6032968759536743,6.316468715667725,1.4971295595169067,4.121161460876465,0.04035766422748566,0.056912198662757874,116,118,0.9830508474576272,116,118,0.9830508474576272,0,2,0.0,2,2,1.0,0,1,0.0,0,1,0.0,1,118,0.00847457627118644,1,118,0.00847457627118644
predictive_seed1702,predictive,1702,test_scale_camera_10300,scale_camera,forecast_to_anchor,True,True,0.0,0.0,0.0,124,9,0,9,9,0.3023747205734253,3.2206380367279053,0.009218282997608185,0.044119760394096375,6.692111492156982e-05,3.9782255043974146e-05,105,124,0.8467741935483871,108,124,0.8709677419354839,0,0,,0,0,,0,0,,0,0,,19,124,0.1532258064516129,16,124,0.12903225806451613
predictive_seed1702,predictive,1702,test_scale_camera_10300,scale_camera,owner_context_zero,True,,0.0,0.0,0.0,124,19,0,19,19,0.4559051990509033,2.6997101306915283,0.9589701890945435,1.4274009466171265,0.0009215796017087996,0.04059978201985359,105,124,0.8467741935483871,96,124,0.7741935483870968,0,0,,0,0,,0,0,,0,0,,19,124,0.1532258064516129,28,124,0.22580645161290322
predictive_seed1702,predictive,1702,test_scale_camera_10301,scale_camera,forecast_to_anchor,True,True,0.0,0.0,0.0,124,7,0,7,7,0.31100279092788696,1.5948808193206787,0.00866615679115057,0.03029622510075569,0.0001837625604821369,2.0332875010353746e-06,124,124,1.0,124,124,1.0,0,0,,0,0,,0,0,,0,0,,0,124,0.0,0,124,0.0
predictive_seed1702,predictive,1702,test_scale_camera_10301,scale_camera,owner_context_zero,True,,0.0,0.0,0.0,124,11,0,11,11,0.4620833098888397,3.3236031532287598,0.8962345123291016,1.4621334075927734,0.0006268529105000198,0.03661540895700455,124,124,1.0,124,124,1.0,0,0,,0,0,,0,0,,0,0,,0,124,0.0,0,124,0.0
predictive_seed1702,predictive,1702,test_scale_camera_10302,scale_camera,forecast_to_anchor,True,True,0.0,0.0,0.0,124,9,0,9,9,0.2788964509963989,2.915947675704956,0.011492159217596054,0.05798165500164032,5.609854270005599e-05,3.458896026131697e-05,113,124,0.9112903225806451,110,124,0.8870967741935484,0,0,,0,0,,0,0,,0,0,,11,124,0.08870967741935484,14,124,0.11290322580645161
predictive_seed1702,predictive,1702,test_scale_camera_10302,scale_camera,owner_context_zero,True,,0.0,0.0,0.0,124,24,0,24,24,0.4621235430240631,2.954741954803467,0.9564676284790039,1.3992409706115723,0.0008354494348168373,0.04097757861018181,113,124,0.9112903225806451,97,124,0.782258064516129,0,0,,0,0,,0,0,,0,0,,11,124,0.08870967741935484,27,124,0.21774193548387097
predictive_seed1702,predictive,1702,test_scale_camera_10303,scale_camera,forecast_to_anchor,True,True,0.0,0.0,0.0,124,6,0,6,6,0.2913384735584259,1.6414413452148438,0.006121272686868906,0.020057454705238342,0.0001914996246341616,1.2223758858453948e-06,124,124,1.0,124,124,1.0,0,0,,0,0,,0,0,,0,0,,0,124,0.0,0,124,0.0
predictive_seed1702,predictive,1702,test_scale_camera_10303,scale_camera,owner_context_zero,True,,0.0,0.0,0.0,124,10,0,10,10,0.4850476086139679,3.6340856552124023,0.8872990012168884,1.358956217765808,0.0007260316633619368,0.03891218081116676,124,124,1.0,124,124,1.0,0,0,,0,0,,0,0,,0,0,,0,124,0.0,0,124,0.0
predictive_seed1702,predictive,1702,test_scale_camera_10304,scale_camera,forecast_to_anchor,True,True,0.0,0.0,0.0,124,4,0,4,4,0.26489341259002686,1.6218721866607666,0.005610027816146612,0.017650969326496124,0.00013365667837206274,1.2954395742781344e-06,124,124,1.0,124,124,1.0,0,0,,0,0,,0,0,,0,0,,0,124,0.0,0,124,0.0
predictive_seed1702,predictive,1702,test_scale_camera_10304,scale_camera,owner_context_zero,True,,0.0,0.0,0.0,124,7,0,7,7,0.4655272364616394,3.8234384059906006,0.9283192157745361,1.3425228595733643,0.000787904136814177,0.0371515117585659,124,124,1.0,124,124,1.0,0,0,,0,0,,0,0,,0,0,,0,124,0.0,0,124,0.0
predictive_seed1702,predictive,1702,test_scale_camera_10305,scale_camera,forecast_to_anchor,True,True,0.0,0.0,0.0,124,9,0,9,9,0.3223576247692108,1.6084318161010742,0.02444201149046421,0.06915642321109772,8.789666026132181e-05,1.6798896467662416e-05,124,124,1.0,124,124,1.0,0,0,,0,0,,0,0,,0,0,,0,124,0.0,0,124,0.0
predictive_seed1702,predictive,1702,test_scale_camera_10305,scale_camera,owner_context_zero,True,,0.0,0.0,0.0,124,12,0,12,12,0.5012593865394592,3.290511131286621,0.9390732645988464,1.5672048330307007,0.0007837328012101352,0.04048342630267143,124,124,1.0,124,124,1.0,0,0,,0,0,,0,0,,0,0,,0,124,0.0,0,124,0.0
retrieval_only_seed1703,retrieval_only,1703,test_long_occlusion_10100,long_occlusion,forecast_to_anchor,True,True,0.0,0.0,0.0,121,8,0,10,8,0.35074383020401,1.7739644050598145,0.16102071106433868,0.5854637026786804,0.05496205762028694,0.0004544075345620513,70,80,0.875,70,80,0.875,0,41,0.0,0,41,0.0,0,2,0.0,0,2,0.0,0,80,0.0,0,80,0.0
retrieval_only_seed1703,retrieval_only,1703,test_long_occlusion_10100,long_occlusion,owner_context_zero,True,,0.0,0.0,0.0,121,45,41,6,4,0.4655229151248932,3.0739355087280273,7.67561674118042,15.01651382446289,0.27172979712486267,1.0055937767028809,70,80,0.875,47,80,0.5875,0,41,0.0,6,41,0.14634146341463414,0,2,0.0,1,2,0.5,0,80,0.0,0,80,0.0
retrieval_only_seed1703,retrieval_only,1703,test_long_occlusion_10101,long_occlusion,forecast_to_anchor,True,True,0.0,0.0,0.0,119,3,0,4,3,0.4098021388053894,2.248459577560425,0.18798121809959412,0.8005800247192383,0.054196786135435104,0.0005984969320707023,71,80,0.8875,71,80,0.8875,0,39,0.0,0,39,0.0,0,2,0.0,0,2,0.0,0,80,0.0,0,80,0.0
retrieval_only_seed1703,retrieval_only,1703,test_long_occlusion_10101,long_occlusion,owner_context_zero,True,,0.0,0.0,0.0,119,44,39,11,5,0.4045940339565277,3.2858433723449707,7.495948791503906,14.723726272583008,0.25141701102256775,1.006956696510315,71,80,0.8875,36,80,0.45,0,39,0.0,2,39,0.05128205128205128,0,2,0.0,0,2,0.0,0,80,0.0,0,80,0.0
retrieval_only_seed1703,retrieval_only,1703,test_long_occlusion_10102,long_occlusion,forecast_to_anchor,True,True,0.0,0.0,0.0,120,4,0,6,4,0.32691308856010437,2.5433688163757324,0.2089095562696457,0.93703293800354,0.06203281134366989,0.0007460592896677554,72,80,0.9,72,80,0.9,0,40,0.0,0,40,0.0,0,2,0.0,0,2,0.0,0,80,0.0,0,80,0.0
retrieval_only_seed1703,retrieval_only,1703,test_long_occlusion_10102,long_occlusion,owner_context_zero,True,,0.0,0.0,0.0,120,57,57,11,0,0.38125544786453247,3.257430076599121,7.623880386352539,14.91003704071045,0.2685871422290802,0.9518643021583557,72,80,0.9,29,80,0.3625,0,40,0.0,6,40,0.15,0,2,0.0,1,2,0.5,0,80,0.0,0,80,0.0
retrieval_only_seed1703,retrieval_only,1703,test_long_occlusion_10103,long_occlusion,forecast_to_anchor,True,True,0.0,0.0,0.0,120,4,0,7,4,0.3506019115447998,2.4535603523254395,0.17787078022956848,0.7357322573661804,0.06089049205183983,0.0005575581453740597,70,78,0.8974358974358975,70,78,0.8974358974358975,0,42,0.0,0,42,0.0,0,2,0.0,0,2,0.0,0,78,0.0,0,78,0.0
retrieval_only_seed1703,retrieval_only,1703,test_long_occlusion_10103,long_occlusion,owner_context_zero,True,,0.0,0.0,0.0,120,52,51,21,1,0.3639257550239563,3.1844377517700195,7.680474758148193,15.178475379943848,0.26822996139526367,0.9943784475326538,70,78,0.8974358974358975,25,78,0.32051282051282054,0,42,0.0,4,42,0.09523809523809523,0,2,0.0,1,2,0.5,0,78,0.0,0,78,0.0
retrieval_only_seed1703,retrieval_only,1703,test_long_occlusion_10104,long_occlusion,forecast_to_anchor,True,True,0.0,0.0,0.0,120,6,0,6,6,0.3515961468219757,1.762120246887207,0.1903117299079895,0.8455820083618164,0.057089898735284805,0.0006062143365852535,70,78,0.8974358974358975,70,78,0.8974358974358975,0,42,0.0,0,42,0.0,0,2,0.0,0,2,0.0,0,78,0.0,0,78,0.0
retrieval_only_seed1703,retrieval_only,1703,test_long_occlusion_10104,long_occlusion,owner_context_zero,True,,0.0,0.0,0.0,120,51,49,7,2,0.47675204277038574,2.9018421173095703,7.621980667114258,15.156047821044922,0.2665322721004486,0.9830470085144043,70,78,0.8974358974358975,40,78,0.5128205128205128,0,42,0.0,11,42,0.2619047619047619,0,2,0.0,1,2,0.5,0,78,0.0,0,78,0.0
retrieval_only_seed1703,retrieval_only,1703,test_long_occlusion_10105,long_occlusion,forecast_to_anchor,True,True,0.0,0.0,0.0,122,4,0,8,4,0.35161060094833374,2.000000476837158,0.20018945634365082,0.9594784379005432,0.05557567626237869,0.000687719788402319,71,80,0.8875,71,80,0.8875,0,42,0.0,0,42,0.0,0,2,0.0,0,2,0.0,1,80,0.0125,1,80,0.0125
retrieval_only_seed1703,retrieval_only,1703,test_long_occlusion_10105,long_occlusion,owner_context_zero,True,,0.0,0.0,0.0,122,49,44,9,5,0.46467679738998413,2.7445907592773438,7.566329002380371,15.09717845916748,0.2592114508152008,0.9851546287536621,71,80,0.8875,42,80,0.525,0,42,0.0,8,42,0.19047619047619047,0,2,0.0,1,2,0.5,1,80,0.0125,2,80,0.025
retrieval_only_seed1703,retrieval_only,1703,test_crossing_10200,crossing,forecast_to_anchor,True,True,0.0,0.0,0.0,120,19,0,19,19,0.4377831518650055,2.5168561935424805,0.1867029070854187,0.40678420662879944,0.08554224669933319,0.0009729914600029588,112,118,0.9491525423728814,111,118,0.940677966101695,2,2,1.0,2,2,1.0,0,1,0.0,0,1,0.0,6,118,0.05084745762711865,7,118,0.059322033898305086
retrieval_only_seed1703,retrieval_only,1703,test_crossing_10200,crossing,owner_context_zero,True,,0.0,0.0,0.0,120,80,78,12,2,0.46978485584259033,2.240140914916992,11.576346397399902,15.247244834899902,0.23266611993312836,1.2446529865264893,112,118,0.9491525423728814,42,118,0.3559322033898305,2,2,1.0,0,2,0.0,0,1,0.0,0,1,0.0,6,118,0.05084745762711865,0,118,0.0
retrieval_only_seed1703,retrieval_only,1703,test_crossing_10201,crossing,forecast_to_anchor,True,True,0.0,0.0,0.0,120,9,0,9,9,0.48379310965538025,2.2111382484436035,0.16759006679058075,0.43808549642562866,0.07487426698207855,0.0008536860696040094,115,118,0.9745762711864406,115,118,0.9745762711864406,2,2,1.0,2,2,1.0,0,1,0.0,0,1,0.0,3,118,0.025423728813559324,3,118,0.025423728813559324
retrieval_only_seed1703,retrieval_only,1703,test_crossing_10201,crossing,owner_context_zero,True,,0.0,0.0,0.0,120,49,33,17,16,0.5475013256072998,2.0948691368103027,11.28244400024414,15.280080795288086,0.20673760771751404,1.2044079303741455,115,118,0.9745762711864406,87,118,0.7372881355932204,2,2,1.0,0,2,0.0,0,1,0.0,0,1,0.0,3,118,0.025423728813559324,0,118,0.0
retrieval_only_seed1703,retrieval_only,1703,test_crossing_10202,crossing,forecast_to_anchor,True,True,0.0,0.0,0.0,119,9,0,9,9,0.46429702639579773,2.5469632148742676,0.16545769572257996,0.36966609954833984,0.08268251270055771,0.0006979102618061006,111,116,0.9568965517241379,109,116,0.9396551724137931,3,3,1.0,3,3,1.0,1,1,1.0,1,1,1.0,4,116,0.034482758620689655,6,116,0.05172413793103448
retrieval_only_seed1703,retrieval_only,1703,test_crossing_10202,crossing,owner_context_zero,True,,0.0,0.0,0.0,119,63,60,14,3,0.46564117074012756,2.056769371032715,11.613848686218262,15.105942726135254,0.2261582911014557,1.2679024934768677,111,116,0.9568965517241379,56,116,0.4827586206896552,3,3,1.0,0,3,0.0,1,1,1.0,0,1,0.0,4,116,0.034482758620689655,3,116,0.02586206896551724
retrieval_only_seed1703,retrieval_only,1703,test_crossing_10203,crossing,forecast_to_anchor,True,True,0.0,0.0,0.0,119,12,0,12,12,0.5163488984107971,2.4766435623168945,0.16541379690170288,0.3552345931529999,0.08490489423274994,0.0006940417224541306,112,117,0.9572649572649573,112,117,0.9572649572649573,2,2,1.0,2,2,1.0,0,1,0.0,0,1,0.0,5,117,0.042735042735042736,5,117,0.042735042735042736
retrieval_only_seed1703,retrieval_only,1703,test_crossing_10203,crossing,owner_context_zero,True,,0.0,0.0,0.0,119,68,66,8,2,0.3901880979537964,2.0374228954315186,11.696606636047363,15.14045524597168,0.2224595844745636,1.2665095329284668,112,117,0.9572649572649573,51,117,0.4358974358974359,2,2,1.0,0,2,0.0,0,1,0.0,0,1,0.0,5,117,0.042735042735042736,2,117,0.017094017094017096
retrieval_only_seed1703,retrieval_only,1703,test_crossing_10204,crossing,forecast_to_anchor,True,True,0.0,0.0,0.0,121,16,0,16,16,0.5379619002342224,2.3835418224334717,0.17801502346992493,0.4220445156097412,0.08361923694610596,0.0009030209039337933,119,119,1.0,117,119,0.9831932773109243,2,2,1.0,2,2,1.0,1,1,1.0,1,1,1.0,0,119,0.0,2,119,0.01680672268907563
retrieval_only_seed1703,retrieval_only,1703,test_crossing_10204,crossing,owner_context_zero,True,,0.0,0.0,0.0,121,69,60,14,9,0.49850836396217346,2.0378258228302,11.544273376464844,15.323156356811523,0.21817806363105774,1.222350001335144,119,119,1.0,61,119,0.5126050420168067,2,2,1.0,0,2,0.0,1,1,1.0,0,1,0.0,0,119,0.0,0,119,0.0
retrieval_only_seed1703,retrieval_only,1703,test_crossing_10205,crossing,forecast_to_anchor,True,True,0.0,0.0,0.0,120,13,0,13,13,0.5401095747947693,2.992647886276245,0.16214090585708618,0.4033229649066925,0.07847100496292114,0.0007249919581227005,116,118,0.9830508474576272,116,118,0.9830508474576272,2,2,1.0,2,2,1.0,0,1,0.0,0,1,0.0,1,118,0.00847457627118644,2,118,0.01694915254237288
retrieval_only_seed1703,retrieval_only,1703,test_crossing_10205,crossing,owner_context_zero,True,,0.0,0.0,0.0,120,47,40,12,7,0.47123050689697266,2.082200765609741,11.481945037841797,15.095623970031738,0.20262040197849274,1.2023184299468994,116,118,0.9830508474576272,80,118,0.6779661016949152,2,2,1.0,0,2,0.0,0,1,0.0,0,1,0.0,1,118,0.00847457627118644,0,118,0.0
retrieval_only_seed1703,retrieval_only,1703,test_scale_camera_10300,scale_camera,forecast_to_anchor,True,True,0.0,0.0,0.0,124,18,0,18,18,0.5809620022773743,2.1070384979248047,0.14716564118862152,0.3393893241882324,0.07417590171098709,0.0005002819816581905,100,124,0.8064516129032258,103,124,0.8306451612903226,0,0,,0,0,,0,0,,0,0,,24,124,0.1935483870967742,21,124,0.1693548387096774
retrieval_only_seed1703,retrieval_only,1703,test_scale_camera_10300,scale_camera,owner_context_zero,True,,0.0,0.0,0.0,124,37,20,18,17,0.573459804058075,2.291489601135254,11.190836906433105,14.88185977935791,0.18452222645282745,1.2077275514602661,100,124,0.8064516129032258,88,124,0.7096774193548387,0,0,,0,0,,0,0,,0,0,,24,124,0.1935483870967742,16,124,0.12903225806451613
retrieval_only_seed1703,retrieval_only,1703,test_scale_camera_10301,scale_camera,forecast_to_anchor,True,True,0.0,0.0,0.0,124,7,0,7,7,0.5182562470436096,2.330183982849121,0.13415037095546722,0.31792932748794556,0.07190326601266861,0.00039626608486287296,124,124,1.0,124,124,1.0,0,0,,0,0,,0,0,,0,0,,0,124,0.0,0,124,0.0
retrieval_only_seed1703,retrieval_only,1703,test_scale_camera_10301,scale_camera,owner_context_zero,True,,0.0,0.0,0.0,124,31,18,16,13,0.5502945780754089,2.3629093170166016,11.023592948913574,15.016473770141602,0.20070400834083557,1.2345255613327026,124,124,1.0,106,124,0.8548387096774194,0,0,,0,0,,0,0,,0,0,,0,124,0.0,0,124,0.0
retrieval_only_seed1703,retrieval_only,1703,test_scale_camera_10302,scale_camera,forecast_to_anchor,True,True,0.0,0.0,0.0,124,29,0,29,29,0.5869413614273071,2.0616517066955566,0.1527974009513855,0.3490707576274872,0.07654499262571335,0.000559697684366256,101,124,0.8145161290322581,108,124,0.8709677419354839,0,0,,0,0,,0,0,,0,0,,23,124,0.18548387096774194,16,124,0.12903225806451613
retrieval_only_seed1703,retrieval_only,1703,test_scale_camera_10302,scale_camera,owner_context_zero,True,,0.0,0.0,0.0,124,36,20,20,16,0.5583099126815796,2.238589286804199,11.205952644348145,14.851154327392578,0.19140492379665375,1.2126696109771729,101,124,0.8145161290322581,93,124,0.75,0,0,,0,0,,0,0,,0,0,,23,124,0.18548387096774194,11,124,0.08870967741935484
retrieval_only_seed1703,retrieval_only,1703,test_scale_camera_10303,scale_camera,forecast_to_anchor,True,True,0.0,0.0,0.0,124,11,0,11,11,0.5137066841125488,2.353844165802002,0.13956592977046967,0.32570305466651917,0.07559844106435776,0.0004448280087672174,124,124,1.0,124,124,1.0,0,0,,0,0,,0,0,,0,0,,0,124,0.0,0,124,0.0
retrieval_only_seed1703,retrieval_only,1703,test_scale_camera_10303,scale_camera,owner_context_zero,True,,0.0,0.0,0.0,124,24,17,13,7,0.5345646739006042,2.498288154602051,11.085626602172852,15.065972328186035,0.20114922523498535,1.2281252145767212,124,124,1.0,107,124,0.8629032258064516,0,0,,0,0,,0,0,,0,0,,0,124,0.0,0,124,0.0
retrieval_only_seed1703,retrieval_only,1703,test_scale_camera_10304,scale_camera,forecast_to_anchor,True,True,0.0,0.0,0.0,124,16,0,16,16,0.5087039470672607,2.2786524295806885,0.1423632949590683,0.317722350358963,0.07653447240591049,0.00046895057312212884,124,124,1.0,124,124,1.0,0,0,,0,0,,0,0,,0,0,,0,124,0.0,0,124,0.0
retrieval_only_seed1703,retrieval_only,1703,test_scale_camera_10304,scale_camera,owner_context_zero,True,,0.0,0.0,0.0,124,41,29,16,12,0.5185263156890869,2.0550498962402344,11.10281753540039,14.941774368286133,0.20495761930942535,1.2315272092819214,124,124,1.0,95,124,0.7661290322580645,0,0,,0,0,,0,0,,0,0,,0,124,0.0,0,124,0.0
retrieval_only_seed1703,retrieval_only,1703,test_scale_camera_10305,scale_camera,forecast_to_anchor,True,True,0.0,0.0,0.0,124,6,0,6,6,0.5576242208480835,1.8999457359313965,0.146454319357872,0.37231388688087463,0.07506947219371796,0.0005695892032235861,124,124,1.0,124,124,1.0,0,0,,0,0,,0,0,,0,0,,0,124,0.0,0,124,0.0
retrieval_only_seed1703,retrieval_only,1703,test_scale_camera_10305,scale_camera,owner_context_zero,True,,0.0,0.0,0.0,124,33,26,9,7,0.5951903462409973,2.1366400718688965,11.069415092468262,14.97021484375,0.19795392453670502,1.199985146522522,124,124,1.0,98,124,0.7903225806451613,0,0,,0,0,,0,0,,0,0,,0,124,0.0,0,124,0.0
predictive_seed1703,predictive,1703,test_long_occlusion_10100,long_occlusion,forecast_to_anchor,True,True,0.0,0.0,0.0,121,4,0,14,4,0.24168209731578827,1.9943394660949707,0.05001121014356613,0.19560134410858154,0.003612553235143423,5.746704846387729e-05,71,80,0.8875,71,80,0.8875,0,41,0.0,0,41,0.0,0,2,0.0,0,2,0.0,0,80,0.0,0,80,0.0
predictive_seed1703,predictive,1703,test_long_occlusion_10100,long_occlusion,owner_context_zero,True,,0.0,0.0,0.0,121,51,43,33,8,0.5727105140686035,7.634929180145264,0.9704095125198364,2.5061755180358887,0.29840055108070374,0.063181571662426,71,80,0.8875,78,80,0.975,0,41,0.0,34,41,0.8292682926829268,0,2,0.0,2,2,1.0,0,80,0.0,1,80,0.0125
predictive_seed1703,predictive,1703,test_long_occlusion_10101,long_occlusion,forecast_to_anchor,True,True,0.0,0.0,0.0,119,3,0,8,3,0.16768571734428406,1.0980229377746582,0.0527818463742733,0.25023072957992554,0.005467964336276054,8.907962183002383e-05,72,80,0.9,72,80,0.9,0,39,0.0,0,39,0.0,0,2,0.0,0,2,0.0,0,80,0.0,0,80,0.0
predictive_seed1703,predictive,1703,test_long_occlusion_10101,long_occlusion,owner_context_zero,True,,0.0,0.0,0.0,119,53,47,14,6,0.6521583199501038,9.453392028808594,1.1774777173995972,2.554217576980591,0.36409980058670044,0.07165186107158661,72,80,0.9,79,80,0.9875,0,39,0.0,39,39,1.0,0,2,0.0,2,2,1.0,0,80,0.0,1,80,0.0125
predictive_seed1703,predictive,1703,test_long_occlusion_10102,long_occlusion,forecast_to_anchor,True,True,0.0,0.0,0.0,120,2,0,8,2,0.18598122894763947,1.23319411277771,0.05633338540792465,0.19628892838954926,0.005351076368242502,8.61931184772402e-05,72,80,0.9,72,80,0.9,0,40,0.0,0,40,0.0,0,2,0.0,0,2,0.0,0,80,0.0,0,80,0.0
predictive_seed1703,predictive,1703,test_long_occlusion_10102,long_occlusion,owner_context_zero,True,,0.0,0.0,0.0,120,53,48,20,5,0.6663689017295837,9.270003318786621,1.147226333618164,2.352431058883667,0.3494129180908203,0.06745795160531998,72,80,0.9,79,80,0.9875,0,40,0.0,40,40,1.0,0,2,0.0,2,2,1.0,0,80,0.0,1,80,0.0125
predictive_seed1703,predictive,1703,test_long_occlusion_10103,long_occlusion,forecast_to_anchor,True,True,0.0,0.0,0.0,120,4,0,14,4,0.19491064548492432,0.9973486661911011,0.03871069848537445,0.12737102806568146,0.0031130576971918344,3.192645817762241e-05,70,78,0.8974358974358975,70,78,0.8974358974358975,0,42,0.0,0,42,0.0,0,2,0.0,0,2,0.0,0,78,0.0,0,78,0.0
predictive_seed1703,predictive,1703,test_long_occlusion_10103,long_occlusion,owner_context_zero,True,,0.0,0.0,0.0,120,60,50,25,10,0.5688379406929016,7.764238357543945,1.140264630317688,2.373209238052368,0.3555454611778259,0.05509613826870918,70,78,0.8974358974358975,78,78,1.0,0,42,0.0,42,42,1.0,0,2,0.0,2,2,1.0,0,78,0.0,0,78,0.0
predictive_seed1703,predictive,1703,test_long_occlusion_10104,long_occlusion,forecast_to_anchor,True,True,0.0,0.0,0.0,120,3,0,15,3,0.24329416453838348,1.3540899753570557,0.04894563555717468,0.17432928085327148,0.004137469921261072,7.385207572951913e-05,70,78,0.8974358974358975,70,78,0.8974358974358975,0,42,0.0,0,42,0.0,0,2,0.0,0,2,0.0,0,78,0.0,0,78,0.0
predictive_seed1703,predictive,1703,test_long_occlusion_10104,long_occlusion,owner_context_zero,True,,0.0,0.0,0.0,120,56,49,41,7,0.5998902320861816,7.7414374351501465,1.0018609762191772,2.7816596031188965,0.3004237711429596,0.06119444966316223,70,78,0.8974358974358975,74,78,0.9487179487179487,0,42,0.0,41,42,0.9761904761904762,0,2,0.0,1,2,0.5,0,78,0.0,4,78,0.05128205128205128
predictive_seed1703,predictive,1703,test_long_occlusion_10105,long_occlusion,forecast_to_anchor,True,True,0.0,0.0,0.0,122,4,0,14,4,0.225123330950737,2.143449306488037,0.04411247745156288,0.1537972241640091,0.0076307738199830055,9.448297350900248e-05,76,80,0.95,76,80,0.95,2,42,0.047619047619047616,2,42,0.047619047619047616,1,2,0.5,1,2,0.5,0,80,0.0,0,80,0.0
predictive_seed1703,predictive,1703,test_long_occlusion_10105,long_occlusion,owner_context_zero,True,,0.0,0.0,0.0,122,59,44,43,15,0.5261136293411255,5.835473537445068,0.8704833984375,2.2217578887939453,0.2607717514038086,0.059718385338783264,76,80,0.95,77,80,0.9625,2,42,0.047619047619047616,42,42,1.0,1,2,0.5,2,2,1.0,0,80,0.0,3,80,0.0375
predictive_seed1703,predictive,1703,test_crossing_10200,crossing,forecast_to_anchor,True,True,0.0,0.0,0.0,120,15,0,15,15,0.3997330069541931,4.683234214782715,0.08626259118318558,0.3441833555698395,0.012955023907124996,0.000844255555421114,105,118,0.8898305084745762,99,118,0.8389830508474576,0,2,0.0,0,2,0.0,0,1,0.0,0,1,0.0,4,118,0.03389830508474576,9,118,0.07627118644067797
predictive_seed1703,predictive,1703,test_crossing_10200,crossing,owner_context_zero,True,,0.0,0.0,0.0,120,36,11,26,25,0.5767756104469299,6.071527004241943,0.8137763142585754,1.6289021968841553,0.11687177419662476,0.05980348959565163,105,118,0.8898305084745762,109,118,0.923728813559322,0,2,0.0,2,2,1.0,0,1,0.0,0,1,0.0,4,118,0.03389830508474576,9,118,0.07627118644067797
predictive_seed1703,predictive,1703,test_crossing_10201,crossing,forecast_to_anchor,True,True,0.0,0.0,0.0,120,14,1,13,13,0.5371105670928955,4.9360761642456055,0.05311107635498047,0.25009629130363464,0.00647939695045352,0.0010267774341627955,110,118,0.9322033898305084,103,118,0.8728813559322034,0,2,0.0,0,2,0.0,0,1,0.0,0,1,0.0,0,118,0.0,8,118,0.06779661016949153
predictive_seed1703,predictive,1703,test_crossing_10201,crossing,owner_context_zero,True,,0.0,0.0,0.0,120,25,10,18,15,0.5309647917747498,5.0649285316467285,0.7494910359382629,1.4291201829910278,0.08391030877828598,0.06409034878015518,110,118,0.9322033898305084,113,118,0.9576271186440678,0,2,0.0,2,2,1.0,0,1,0.0,0,1,0.0,0,118,0.0,5,118,0.0423728813559322
predictive_seed1703,predictive,1703,test_crossing_10202,crossing,forecast_to_anchor,True,True,0.0,0.0,0.0,119,16,1,15,15,0.4856601357460022,4.57451057434082,0.09394174814224243,0.31129586696624756,0.010999350808560848,0.0004230660561006516,107,116,0.9224137931034483,104,116,0.896551724137931,0,3,0.0,0,3,0.0,0,1,0.0,1,1,1.0,3,116,0.02586206896551724,7,116,0.0603448275862069
predictive_seed1703,predictive,1703,test_crossing_10202,crossing,owner_context_zero,True,,0.0,0.0,0.0,119,23,7,17,16,0.5780838131904602,6.263693332672119,0.7454038858413696,1.463218331336975,0.07403945177793503,0.05645480379462242,107,116,0.9224137931034483,108,116,0.9310344827586207,0,3,0.0,3,3,1.0,0,1,0.0,1,1,1.0,3,116,0.02586206896551724,6,116,0.05172413793103448
predictive_seed1703,predictive,1703,test_crossing_10203,crossing,forecast_to_anchor,True,True,0.0,0.0,0.0,119,21,2,20,19,0.39382219314575195,4.770383834838867,0.07513159513473511,0.3309454023838043,0.01124317292124033,0.0018673207378014922,110,117,0.9401709401709402,102,117,0.8717948717948718,0,2,0.0,0,2,0.0,0,1,0.0,0,1,0.0,2,117,0.017094017094017096,13,117,0.1111111111111111
predictive_seed1703,predictive,1703,test_crossing_10203,crossing,owner_context_zero,True,,0.0,0.0,0.0,119,34,6,30,28,0.6500491499900818,6.44608736038208,0.7966408729553223,1.3618762493133545,0.0706472098827362,0.06690957397222519,110,117,0.9401709401709402,101,117,0.8632478632478633,0,2,0.0,2,2,1.0,0,1,0.0,0,1,0.0,2,117,0.017094017094017096,13,117,0.1111111111111111
predictive_seed1703,predictive,1703,test_crossing_10204,crossing,forecast_to_anchor,True,True,0.0,0.0,0.0,121,17,2,15,15,0.5827809572219849,5.11194372177124,0.07651019841432571,0.30355599522590637,0.010166213847696781,0.0012794247595593333,111,119,0.9327731092436975,104,119,0.8739495798319328,0,2,0.0,0,2,0.0,0,1,0.0,0,1,0.0,0,119,0.0,9,119,0.07563025210084033
predictive_seed1703,predictive,1703,test_crossing_10204,crossing,owner_context_zero,True,,0.0,0.0,0.0,121,22,10,15,12,0.5298738479614258,5.7148942947387695,0.7259151935577393,1.4455188512802124,0.08674965798854828,0.05797608941793442,111,119,0.9327731092436975,115,119,0.9663865546218487,0,2,0.0,2,2,1.0,0,1,0.0,1,1,1.0,0,119,0.0,4,119,0.03361344537815126
predictive_seed1703,predictive,1703,test_crossing_10205,crossing,forecast_to_anchor,True,True,0.0,0.0,0.0,120,11,1,12,10,0.5686048865318298,5.90169620513916,0.04053498059511185,0.16024619340896606,0.005593732465058565,0.0003046162601094693,115,118,0.9745762711864406,112,118,0.9491525423728814,0,2,0.0,0,2,0.0,0,1,0.0,0,1,0.0,1,118,0.00847457627118644,4,118,0.03389830508474576
predictive_seed1703,predictive,1703,test_crossing_10205,crossing,owner_context_zero,True,,0.0,0.0,0.0,120,17,4,15,13,0.5408935546875,4.519192218780518,0.6805144548416138,1.3638908863067627,0.0483015738427639,0.06114436313509941,115,118,0.9745762711864406,116,118,0.9830508474576272,0,2,0.0,2,2,1.0,0,1,0.0,0,1,0.0,1,118,0.00847457627118644,1,118,0.00847457627118644
predictive_seed1703,predictive,1703,test_scale_camera_10300,scale_camera,forecast_to_anchor,True,True,0.0,0.0,0.0,124,27,0,27,27,0.4318031966686249,4.616470813751221,0.07136141508817673,0.42603299021720886,0.0001849469554144889,0.004704346414655447,86,124,0.6935483870967742,107,124,0.8629032258064516,0,0,,0,0,,0,0,,0,0,,38,124,0.3064516129032258,17,124,0.13709677419354838
predictive_seed1703,predictive,1703,test_scale_camera_10300,scale_camera,owner_context_zero,True,,0.0,0.0,0.0,124,48,0,48,48,0.6748109459877014,6.121060371398926,0.45338550209999084,0.7261537313461304,0.001553117181174457,0.07672419399023056,86,124,0.6935483870967742,78,124,0.6290322580645161,0,0,,0,0,,0,0,,0,0,,38,124,0.3064516129032258,46,124,0.3709677419354839
predictive_seed1703,predictive,1703,test_scale_camera_10301,scale_camera,forecast_to_anchor,True,True,0.0,0.0,0.0,124,3,0,3,3,0.25024768710136414,1.8431899547576904,0.006842247676104307,0.031348343938589096,0.00023303396301344037,1.1853633168357192e-06,124,124,1.0,124,124,1.0,0,0,,0,0,,0,0,,0,0,,0,124,0.0,0,124,0.0
predictive_seed1703,predictive,1703,test_scale_camera_10301,scale_camera,owner_context_zero,True,,0.0,0.0,0.0,124,6,0,6,6,0.4657689929008484,3.5258467197418213,0.4181276261806488,0.6342008113861084,0.001230228808708489,0.038249533623456955,124,124,1.0,124,124,1.0,0,0,,0,0,,0,0,,0,0,,0,124,0.0,0,124,0.0
predictive_seed1703,predictive,1703,test_scale_camera_10302,scale_camera,forecast_to_anchor,True,True,0.0,0.0,0.0,124,22,0,22,22,0.3912097215652466,4.494205951690674,0.06648102402687073,0.4936750531196594,0.00016468955436721444,0.004052626434713602,87,124,0.7016129032258065,109,124,0.8790322580645161,0,0,,0,0,,0,0,,0,0,,37,124,0.29838709677419356,15,124,0.12096774193548387
predictive_seed1703,predictive,1703,test_scale_camera_10302,scale_camera,owner_context_zero,True,,0.0,0.0,0.0,124,45,0,45,45,0.6756006479263306,6.497125148773193,0.4652480185031891,0.7791399359703064,0.0014557064278051257,0.07378027588129044,87,124,0.7016129032258065,78,124,0.6290322580645161,0,0,,0,0,,0,0,,0,0,,37,124,0.29838709677419356,46,124,0.3709677419354839
predictive_seed1703,predictive,1703,test_scale_camera_10303,scale_camera,forecast_to_anchor,True,True,0.0,0.0,0.0,124,6,0,6,6,0.23856255412101746,2.0679900646209717,0.009192302823066711,0.04313993826508522,0.00026029106811620295,2.598570063128136e-06,124,124,1.0,124,124,1.0,0,0,,0,0,,0,0,,0,0,,0,124,0.0,0,124,0.0
predictive_seed1703,predictive,1703,test_scale_camera_10303,scale_camera,owner_context_zero,True,,0.0,0.0,0.0,124,10,0,10,10,0.5136083960533142,4.918707847595215,0.40002623200416565,0.6068481802940369,0.001390068675391376,0.04619826003909111,124,124,1.0,124,124,1.0,0,0,,0,0,,0,0,,0,0,,0,124,0.0,0,124,0.0
predictive_seed1703,predictive,1703,test_scale_camera_10304,scale_camera,forecast_to_anchor,True,True,0.0,0.0,0.0,124,7,0,7,7,0.26335543394088745,2.0915892124176025,0.009449035860598087,0.04586482420563698,0.00018682066001929343,3.3344952043989906e-06,124,124,1.0,124,124,1.0,0,0,,0,0,,0,0,,0,0,,0,124,0.0,0,124,0.0
predictive_seed1703,predictive,1703,test_scale_camera_10304,scale_camera,owner_context_zero,True,,0.0,0.0,0.0,124,10,0,10,10,0.49890801310539246,3.5887651443481445,0.3805702328681946,0.5712137818336487,0.001222922932356596,0.03911595791578293,124,124,1.0,124,124,1.0,0,0,,0,0,,0,0,,0,0,,0,124,0.0,0,124,0.0
predictive_seed1703,predictive,1703,test_scale_camera_10305,scale_camera,forecast_to_anchor,True,True,0.0,0.0,0.0,124,4,0,4,4,0.20869065821170807,1.5628056526184082,0.00832273904234171,0.03332807123661041,0.00016947474796324968,4.022352186439093e-06,124,124,1.0,124,124,1.0,0,0,,0,0,,0,0,,0,0,,0,124,0.0,0,124,0.0
predictive_seed1703,predictive,1703,test_scale_camera_10305,scale_camera,owner_context_zero,True,,0.0,0.0,0.0,124,16,0,16,16,0.5614774227142334,4.72014856338501,0.4755922555923462,0.7286514043807983,0.001589601975865662,0.05224251747131348,124,124,1.0,124,124,1.0,0,0,,0,0,,0,0,,0,0,,0,124,0.0,0,124,0.0
