dev_background_images,dev_background_mse,dev_background_skipped_images,dev_distractor_images,dev_distractor_mse,dev_distractor_skipped_images,dev_images,dev_mse,dev_selected_images,dev_selected_mse,dev_selected_skipped_images,dev_source_view_background_mse,dev_source_view_distractor_mse,dev_source_view_images,dev_source_view_mse,dev_source_view_selected_mse,dev_target_view_background_mse,dev_target_view_distractor_mse,dev_target_view_images,dev_target_view_mse,dev_target_view_selected_mse,epoch,train_background_images,train_background_mse,train_background_skipped_images,train_distractor_images,train_distractor_mse,train_distractor_skipped_images,train_images,train_mse,train_optimization_mse,train_selected_images,train_selected_mse,train_selected_skipped_images,train_source_view_background_mse,train_source_view_distractor_mse,train_source_view_images,train_source_view_mse,train_source_view_selected_mse,train_target_view_background_mse,train_target_view_distractor_mse,train_target_view_images,train_target_view_mse,train_target_view_selected_mse
16,0.1772920566139456,0,16,0.3121600134057727,0,16,0.18179789485965273,16,0.3625736279775284,0,0.1776516607124381,0.31300068885148313,8,0.18217388950509283,0.36335619249412177,0.17693245251545303,0.3113193379600623,8,0.18142190021421262,0.36179106346093504,1,64,0.15469554535400892,0,64,0.3400268219960609,0,64,0.1602883757639404,0.2486590826883912,64,0.32411718140984797,0,0.15510786262275628,0.3404006415342452,32,0.1607217747727305,0.3258385069847886,0.15428322808526154,0.33965300245787655,32,0.1598549767551503,0.32239585583490726
16,0.14175528785682184,0,16,0.24937958663721177,0,16,0.14553620381039975,16,0.3036725694969147,0,0.14188662106096628,0.2491455427800406,8,0.14564611230873953,0.3021294846198783,0.14162395465267744,0.24961363049438293,8,0.14542629531205997,0.30521565437395104,2,64,0.10980270530456702,0,64,0.2748234000332465,0,64,0.11456288817074968,0.1410434329882264,64,0.24764653392505082,0,0.11019691493965494,0.27469619004202955,32,0.11494804030937257,0.24796257252676113,0.10940849566947913,0.2749506100244634,32,0.1141777360321268,0.24733049532334056
16,0.10612858825693365,0,16,0.22749438866931818,0,16,0.1100927335077898,16,0.26931342448853296,0,0.10627353372357512,0.22712606865411986,8,0.11021615014084066,0.2678935605187185,0.10598364279029218,0.22786270868451647,8,0.10996931687473892,0.27073328845834743,3,64,0.08815429898789888,0,64,0.24390535811287323,0,64,0.09260785856507854,0.10636904928833246,64,0.21599490281278833,0,0.08844337192036526,0.2436895228495955,32,0.09288951862561394,0.21631784606742943,0.08786522605543248,0.24412119337615096,32,0.09232619850454314,0.21567195955814722
16,0.09823795852021133,0,16,0.18538571842269497,0,16,0.10116976574189014,16,0.22182907809588195,0,0.0984358380022361,0.18484348872945344,8,0.10134168576373842,0.2204807531424478,0.09804007903818657,0.18592794811593655,8,0.10099784572004186,0.22317740304931616,4,64,0.07815425036382216,0,64,0.20104542962213473,0,64,0.0815561027815842,0.09226041985675693,64,0.1724799761301922,0,0.07834849326050984,0.20088818570787595,32,0.08175046326941843,0.17302615030919405,0.07796000746713447,0.2012026735363935,32,0.08136174229374998,0.1719338019511903
16,0.09041363440659875,0,16,0.18820456268859337,0,16,0.09389598975162583,16,0.24118504221139214,0,0.09072340594061122,0.18778179909598952,8,0.09417008942600784,0.2392585745569228,0.09010386287258629,0.18862732628119722,8,0.09362189007724384,0.24311150986586158,5,64,0.06848411671988575,0,64,0.21363108430560515,0,64,0.0725108471158144,0.08010006416589022,64,0.18021166223615287,0,0.06859594860820309,0.21328040087674327,32,0.072620625946756,0.18064194271528516,0.06837228483156839,0.21398176773446703,32,0.07240106828487282,0.17978138175702058
16,0.07969886860842508,0,16,0.16599887108773834,0,16,0.0828046436060655,16,0.21509724123682505,0,0.07994456128741768,0.1658592840918195,8,0.08302138650904925,0.2133974588923088,0.07945317592943248,0.16613845808365715,8,0.08258790070308175,0.2167970235813413,6,64,0.06178214027253258,0,64,0.18903549308805576,0,64,0.06534705128756522,0.07165046455338597,64,0.1626452588789205,0,0.06196959630353522,0.18890459926832479,32,0.06554107434978566,0.16352220622689523,0.06159468424152994,0.18916638690778675,32,0.06515302822534477,0.16176831153094579
16,0.07375021470060023,0,16,0.15683853376858153,0,16,0.07660052336052567,16,0.19460396677907899,0,0.07397728849468317,0.15672287004380417,8,0.07680226682568655,0.1930551730639649,0.07352314090651729,0.1569541974933589,8,0.07639877989536475,0.19615276049419303,7,64,0.056441494382468954,0,64,0.17033226879658936,0,64,0.05961894752440094,0.06576312403194606,64,0.14531279255504664,0,0.05659606180277853,0.17015129803069085,32,0.059773624200917516,0.14581494199366357,0.05628692696215939,0.17051323956248784,32,0.05946427084788435,0.14481064311642966
16,0.0674206389990758,0,16,0.15311454903667432,0,16,0.07048290898430973,16,0.20002696757654567,0,0.06763875466028724,0.1531097955320559,8,0.07068054973800943,0.19872557844182576,0.06720252333786435,0.15311930254129272,8,0.07028526823061002,0.20132835671126562,8,64,0.05154349656568409,0,64,0.1715855890638346,0,64,0.05487449611769171,0.060407889541238546,64,0.14423093868349132,0,0.05171870271878962,0.1713887059781869,32,0.05504810485633797,0.1446748825721556,0.05136829041257855,0.1717824721494823,32,0.054700887379045465,0.14378699479482704
16,0.0649693318203958,0,16,0.16104287102474124,0,16,0.0682366233769408,16,0.20221144631736832,0,0.06516520185101692,0.16087992714967186,8,0.06839746136118077,0.20004002305860463,0.0647734617897747,0.16120581489981062,8,0.06807578539270082,0.20438286957613203,9,64,0.04817711695528595,0,64,0.1773996346684904,0,64,0.05186718476286095,0.05711014778353274,64,0.15485190707855268,0,0.048318249989020776,0.17732873050364453,32,0.0520127149472997,0.15548402707549253,0.04803598392155113,0.17747053883333624,32,0.0517216545784222,0.15421978708161285
16,0.058956740461007115,0,16,0.15707227942009255,0,16,0.062309069006132096,16,0.1999913003031598,0,0.059204257383564024,0.15700668088408887,8,0.06252736380183609,0.19817619792387856,0.058709223538450206,0.15713787795609624,8,0.0620907742104281,0.20180640268244104,10,64,0.04579457756107268,0,64,0.16876674824604382,0,64,0.04926780706410253,0.05225698626600206,64,0.14461008847859258,0,0.04592391979317193,0.1684131464898119,32,0.04939289552279465,0.14498109145585047,0.04566523532897344,0.1691203500022757,32,0.04914271860541042,0.14423908550133474
16,0.05333064152827565,0,16,0.137071757426736,0,16,0.056116866607645643,16,0.16986063526761133,0,0.053441372206271695,0.1371888306144467,8,0.05620340574380949,0.16806452145967998,0.0532199108502796,0.1369546842390253,8,0.05603032747148179,0.17165674907554268,11,64,0.04350074500517953,0,64,0.14610718462473657,0,64,0.04637277997349472,0.04952412936836481,64,0.12395664901275563,0,0.04364411210308448,0.14595140672014492,32,0.04651457757244715,0.12430002549537762,0.04335737790727459,0.14626296252932822,32,0.04623098237454229,0.12361327253013363
16,0.05317047282725129,0,16,0.15200709296048465,0,16,0.056408962812638935,16,0.18559990992035894,0,0.05344899083726091,0.1520665456468469,8,0.05666820210990345,0.18449729429904377,0.052891954817241675,0.15194764027412241,8,0.05614972351537442,0.1867025255416741,12,64,0.03874738189730192,0,64,0.15747532200824815,0,64,0.04213530422676612,0.04568537976592779,64,0.1361092879284958,0,0.03881542583793832,0.15716026257827453,32,0.042201322644295075,0.13644526771527157,0.03867933795666552,0.15779038143822177,32,0.042069285809237154,0.13577330814172
16,0.04833064813462,0,16,0.1330387068320358,0,16,0.051091437367489334,16,0.16060317139336355,0,0.04849248132449899,0.13303431955987116,8,0.051224621438109005,0.15872054830113502,0.048168814944741,0.1330430941042005,8,0.050958253296869656,0.1624857944855921,13,64,0.03636375010466137,0,64,0.13875070325952077,0,64,0.03926273252515901,0.04229374788701534,64,0.11855869324371907,0,0.03645856820376259,0.1386146835394991,32,0.039356009610716634,0.11878663458280764,0.03626893200556015,0.13888672297954244,32,0.03916945543960139,0.1183307519046305
16,0.04687257694615545,0,16,0.13009652262528484,0,16,0.04966727329529914,16,0.16299166061983178,0,0.04698826242017211,0.13015524719060761,8,0.04976159356608274,0.16150107207480963,0.04675689147213878,0.13003779805996207,8,0.04957295302451553,0.164482249164854,14,64,0.03539688020689013,0,64,0.13753201133160642,0,64,0.03826504257808233,0.03993443655781448,64,0.11651380914311057,0,0.03547221232684651,0.13734930726836808,32,0.0383381701253488,0.11671528084013694,0.035321548086933746,0.13771471539484476,32,0.03819191503081587,0.1163123374460842
16,0.04367298765255152,0,16,0.14110974791799924,0,16,0.04690378634821543,16,0.17679358540846707,0,0.043992698089072094,0.14133698809208187,8,0.04720463006536149,0.17570800512427925,0.04335327721603095,0.14088250774391664,8,0.04660294263106938,0.17787916569265486,15,64,0.03285963094006976,0,64,0.1459831467494498,0,64,0.036102705916764795,0.0384883345104754,64,0.12657958346308582,0,0.03294789904041076,0.14574081987037404,32,0.03618834155739875,0.12684403131425476,0.03277136283972876,0.1462254736285255,32,0.03601707027613083,0.12631513561191687
16,0.042032592949000205,0,16,0.12239218656197962,0,16,0.044689070054672,16,0.15125506045331558,0,0.042093913541634845,0.12246673678041395,8,0.044726456901983146,0.14950076463118664,0.041971272356365566,0.12231763634354527,8,0.04465168320736086,0.15300935627544454,16,64,0.03203980730097477,0,64,0.1284632288531739,0,64,0.034778450526927754,0.036501733120530844,64,0.11002545179449477,0,0.0321551079619356,0.12838082278283042,32,0.03489369421880647,0.11031044941018929,0.03192450664001394,0.12854563492351734,32,0.03466320683504903,0.10974045417880027
16,0.04004808421238863,0,16,0.12859974346223965,0,16,0.04303315852022471,16,0.16391709728906345,0,0.04032166931015599,0.1287604373115453,8,0.043283003929193,0.16244328073647663,0.039774499114621276,0.128439049612934,8,0.042783313111256424,0.16539091384165028,17,64,0.029022887864414156,0,64,0.13500086805231826,0,64,0.03202930982346709,0.035124885151162744,64,0.1148024879204018,0,0.02909129932978596,0.134819692621358,32,0.03209663064456343,0.11504334266488214,0.028954476399042348,0.1351820434832785,32,0.031961989002370766,0.11456163317592145
16,0.03805587936569904,0,16,0.12095931109230233,0,16,0.040815216056602495,16,0.15172333080842665,0,0.03831016982579798,0.12110190952344949,8,0.04104180174531978,0.15002393881019915,0.03780158890560009,0.1208167126611552,8,0.04058863036788521,0.15342272280665414,18,64,0.027654817733911374,0,64,0.12637746109400355,0,64,0.030466932243859123,0.032731632119975984,64,0.10832428871596553,0,0.027733648747519626,0.12634205658754472,32,0.03054783572319416,0.10861707271150725,0.027575986720303126,0.12641286560046242,32,0.03038602876452409,0.10803150472042383
16,0.035868816180346645,0,16,0.12549458467689678,0,16,0.03874785717551939,16,0.1517458744366879,0,0.03609216091345179,0.12572331792534247,8,0.0389495678001736,0.15035637348841793,0.03564547144724149,0.12526585142845112,8,0.03854614655086518,0.15313537538495794,19,64,0.026238315182257468,0,64,0.12753768283254507,0,64,0.029151519073985735,0.031102569308131933,64,0.11040877930674423,0,0.026301562998117506,0.12749896733600663,32,0.029217108136048504,0.11071913624338538,0.026175067366397426,0.12757639832908352,32,0.02908593001192296,0.11009842237010309
16,0.033795378089731,0,16,0.12183557372533406,0,16,0.03667133301176476,16,0.15112230594187034,0,0.03398952950875038,0.12208964521200102,8,0.03684705279390379,0.14987806557899552,0.03360122667071162,0.12158150223866708,8,0.03649561322962573,0.15236654630474517,20,64,0.024832063444123084,0,64,0.12474456135206435,0,64,0.027681759916098225,0.0290606077760458,64,0.10656421733235347,0,0.024911275723211956,0.12462319484062398,32,0.027761297546657345,0.10686631209304692,0.024752851165034215,0.12486592786350474,32,0.02760222228553911,0.10626212257166
16,0.03368277853304236,0,16,0.12020488370891008,0,16,0.036487698367440494,16,0.14751326915075397,0,0.033822549322996595,0.12030394777146942,8,0.03660494108227559,0.14599811051714748,0.03354300774308812,0.12010581964635073,8,0.036370455652605396,0.1490284277843605,21,64,0.02442905926504145,0,64,0.12154877155420395,0,64,0.027199817419792164,0.028143761330284178,64,0.10389821022822446,0,0.024490189781789184,0.12139438273418882,32,0.02726023508537134,0.10410837211302615,0.02436792874829371,0.12170316037421906,32,0.027139399754212985,0.10368804834342277
16,0.031953455815341925,0,16,0.1227194483907915,0,16,0.034820522634346165,16,0.14612274334377062,0,0.03215346559426314,0.12306065188761074,8,0.03500351105764083,0.14492031201294903,0.0317534460364207,0.12237824489397228,8,0.03463753421105149,0.14732517467459227,22,64,0.022938849535211435,0,64,0.12039752617740232,0,64,0.02574080445846612,0.027070118230767548,64,0.10397394142058189,0,0.022999770625333243,0.12035038542930945,32,0.02580328400459432,0.1042270850022548,0.022877928445089627,0.1204446669254952,32,0.025678324912337916,0.10372079783890895
16,0.030825467128908407,0,16,0.11880503063790149,0,16,0.03365287119648757,16,0.14488421071244229,0,0.03100469871768935,0.1190302971890988,8,0.033812916447732044,0.14360287886029377,0.030646235540127464,0.11857976408670418,8,0.0334928259452431,0.1461655425645908,23,64,0.0221812382566854,0,64,0.11825236529277036,0,64,0.02492587938304138,0.026191740995272994,64,0.10088958860381231,0,0.022236897611047076,0.11806344473463895,32,0.024980348713775115,0.1010962834696732,0.022125578902323723,0.11844128585090176,32,0.024871410052307655,0.10068289373795139
16,0.02965393753255298,0,16,0.11961699475471,0,16,0.032452192445617464,16,0.13944831737787294,0,0.029835511254830013,0.11998957184466899,8,0.03261820225036065,0.13829788978807506,0.029472363810275952,0.11924441766475097,8,0.03228618264087428,0.1405987449676708,24,64,0.021481218224730102,0,64,0.11620666656521259,0,64,0.024205392467038102,0.02509778446983546,64,0.10008941045977043,0,0.021543334002499484,0.11613633027415929,32,0.024268857420294047,0.10034493528817187,0.021419102446960724,0.11627700285626588,32,0.02414192751378216,0.09983388563136901
16,0.029522019124981494,0,16,0.1187584839896025,0,16,0.03228486122458376,16,0.13827081791508672,0,0.029752129124504666,0.11896352664028122,8,0.032493657219465705,0.13697047297420561,0.029291909125458322,0.11855344133892379,8,0.032076065229701814,0.13957116285596785,25,64,0.021122977412114646,0,64,0.11503634423217651,0,64,0.023824173062543245,0.02494668820872903,64,0.09916839140222877,0,0.021159043970658133,0.11500741868763953,32,0.023861554375327,0.09933151873119153,0.02108691085357116,0.1150652697767135,32,0.023786791749759496,0.09900526407326603
16,0.029527996362543253,0,16,0.11857330815368605,0,16,0.03230922365816612,16,0.13927385227170397,0,0.029743444451283723,0.11877160974078235,8,0.032501272336292325,0.13781792350990635,0.029312548273802787,0.11837500656658972,8,0.032117174980039916,0.14072978103350164,26,64,0.02105300631951096,0,64,0.11692790521649465,0,64,0.02381923314022924,0.024303449783474207,64,0.10148150753743285,0,0.02111828414789283,0.11705414471402825,32,0.02388819340168887,0.1017015730393468,0.020987728491129093,0.11680166571896106,32,0.02375027287876961,0.10126144203551893
16,0.02849213489821313,0,16,0.11594742967760698,0,16,0.03127588536707111,16,0.13981247603990477,0,0.028672226430096495,0.11610378420115358,8,0.031435570473787894,0.13852195501378334,0.028312043366329767,0.11579107515406037,8,0.03111620026035432,0.14110299706602616,27,64,0.020038304396191232,0,64,0.11396323903559806,0,64,0.022722913751164663,0.023915458586998284,64,0.09716510456732724,0,0.02010211372058385,0.1138928580062929,32,0.022785845118806273,0.09727373659735722,0.01997449507179861,0.11403362006490322,32,0.02265998238352306,0.09705647253729725
16,0.027762841240365398,0,16,0.11962659352938522,0,16,0.030575057623911172,16,0.13743527456953664,0,0.027953924401404023,0.11993853791310011,8,0.030748131092105814,0.136218412922977,0.027571758079326773,0.11931464914567036,8,0.030401984155716537,0.13865213621609623,28,64,0.0194324498794111,0,64,0.11336284102746512,0,64,0.022154742215693055,0.02306890080217272,64,0.09881096461804063,0,0.01947933679905705,0.11338604323401309,32,0.022204166622469206,0.09901269711839344,0.01938556295976515,0.11333963882091716,32,0.02210531780891691,0.09860923211768782
16,0.02650848249134389,0,16,0.11685709042291664,0,16,0.029280301047497966,16,0.1346983738791919,0,0.026690844995066083,0.11715656137514856,8,0.029442625856541504,0.13332385773094574,0.026326119987621698,0.11655761947068474,8,0.02911797623845442,0.13607289002743805,29,64,0.018749721746638713,0,64,0.11288382934221029,0,64,0.02146810777916621,0.022371080005541444,64,0.09751052956628299,0,0.018798588907737654,0.11300235645969531,32,0.02152288052289068,0.09781722809902041,0.018700854585539772,0.11276530222472528,32,0.02141333503544174,0.09720383103354557
16,0.026926644663055874,0,16,0.11585359617619637,0,16,0.029699634847568934,16,0.1357449915539606,0,0.027083140832228222,0.11617169485995565,8,0.029833377034741405,0.1341070154690267,0.026770148493883525,0.11553549749243706,8,0.029565892660396456,0.13738296763889452,30,64,0.019326656253973847,0,64,0.11321393644612021,0,64,0.022052804619204627,0.021933282376267016,64,0.0991823538303779,0,0.019392264367061943,0.1132554380911805,32,0.022121236671366687,0.09942865792873917,0.019261048140885747,0.11317243480105992,32,0.021984372567042564,0.09893604973201664
16,0.025894810538565235,0,16,0.1137377406849955,0,16,0.02859978582370965,16,0.1314326999643538,0,0.026072193217685703,0.11385741514082125,8,0.028756636626865333,0.1301862648971537,0.02571742785944476,0.11361806622916973,8,0.028442935020553967,0.13267913503155387,31,64,0.01819625929044702,0,64,0.10891585820518718,0,64,0.020801137084832336,0.021902199718169868,64,0.09343874433823382,0,0.018243141639592092,0.10892218787539908,32,0.020850682203559387,0.09363925926371165,0.018149376941301955,0.10890952853497529,32,0.02075159196610528,0.09323822941275599
16,0.025384683063745153,0,16,0.113514223866234,0,16,0.028151743915997646,16,0.13491978931809595,0,0.025581906204055482,0.11381655342758612,8,0.028327818301938312,0.13348302437068862,0.025187459923434827,0.11321189430488185,8,0.02797566953005698,0.1363565542655033,32,64,0.017690428028673176,0,64,0.1100627938411401,0,64,0.020353693342237418,0.02103383676148951,64,0.09497913641007721,0,0.01773770625765858,0.11009827960054779,32,0.020403518485894796,0.09515963105099826,0.01764314979968777,0.11002730808173242,32,0.020303868198580044,0.09479864176915617
16,0.02495630284775687,0,16,0.11503211347891235,0,16,0.027781560742198494,16,0.13622917493367395,0,0.025126476012103778,0.11528113471955287,8,0.027937743870310956,0.13529813802785842,0.02478612968340997,0.11478309223827184,8,0.027625377614086035,0.13716021183948945,33,64,0.01759532651643392,0,64,0.11026321693314559,0,64,0.02025944240430223,0.020693694590590894,64,0.09465730579667597,0,0.017630872932351695,0.11016243147073901,32,0.020295564467794572,0.09483195834236494,0.017559780100516148,0.11036400239555218,32,0.020223320340809887,0.09448265325098701
16,0.02504341914286931,0,16,0.11488969810266973,0,16,0.0278065011453667,16,0.1329912159873346,0,0.025208810226524075,0.11521431000478699,8,0.027954242925160133,0.13173092019677052,0.02487802805921454,0.11456508620055246,8,0.027658759365573264,0.1342515117778987,34,64,0.017329384072378242,0,64,0.10782619766583737,0,64,0.019952003569336952,0.020741198328323662,64,0.0937848641985923,0,0.01738319327891831,0.10778821486581627,32,0.02000751327239398,0.09401597437310505,0.017275574865838167,0.10786418046585844,32,0.019896493866279924,0.09355375402407956
16,0.024019246499565307,0,16,0.11324530876877595,0,16,0.026783077718420763,16,0.13237527807619753,0,0.024190342838758535,0.11351459409124515,8,0.02693564039765669,0.13111999603819063,0.02384815016037207,0.11297602344630675,8,0.026630515039184836,0.13363056011420443,35,64,0.01685107004646975,0,64,0.10734413242096652,0,64,0.019458085811214672,0.02004501351621002,64,0.0923691618962893,0,0.016897766724352486,0.10739972738434722,32,0.01950901847259216,0.09262250762932166,0.016804373368587013,0.10728853745758582,32,0.01940715314983718,0.09211581616325698
16,0.0241849780665445,0,16,0.11473883836266689,0,16,0.0269970164945697,16,0.13510860830897603,0,0.024330660533579324,0.1149580885532201,8,0.027123452192137056,0.13378681422198468,0.024039295599509677,0.11451958817211369,8,0.026870580797002344,0.13643040239596738,36,64,0.016486597028305513,0,64,0.10938860096068967,0,64,0.01916029354616789,0.019628987065516412,64,0.09371470480999639,0,0.01652127136635472,0.1092850754451618,32,0.019195253640690496,0.09389085514662876,0.016451922690256304,0.10949212647621753,32,0.019125333451645285,0.09353855447336404
16,0.023931444305961218,0,16,0.11683989695505559,0,16,0.02673682387445386,16,0.132098276928445,0,0.024086708745560802,0.11701916119697053,8,0.026873201835871236,0.1308733629003752,0.023776179866361637,0.11666063271314067,8,0.02660044591303648,0.1333231909565148,37,64,0.016414235398942337,0,64,0.1080713739696891,0,64,0.01906639128341521,0.01935901679098606,64,0.0933429202942347,0,0.016445118262076678,0.10795318324827638,32,0.019095339850663622,0.09336240052694175,0.016383352535808,0.10818956469110183,32,0.0190374427161668,0.09332344006152765
16,0.023442538209693727,0,16,0.11088588735563945,0,16,0.026149967414515442,16,0.12935719545747643,0,0.023629123447990515,0.11108261940469913,8,0.026314886026300853,0.12796288394288674,0.02325595297139694,0.11068915530657977,8,0.025985048802730032,0.1307515069720661,38,64,0.016236797386762508,0,64,0.10598492732891812,0,64,0.01883291330104391,0.019161409931257367,64,0.09196505523702005,0,0.016277458380497937,0.10601045766241388,32,0.01887757407658531,0.0922313780263612,0.016196136393027083,0.1059593969954224,32,0.018788252525502508,0.09169873244767893
16,0.02340461842532044,0,16,0.1131086900822962,0,16,0.026162768255175127,16,0.13131717993814426,0,0.023565220340845565,0.11324805119268046,8,0.026305493909707284,0.13022134424743126,0.023244016509795313,0.11296932897191195,8,0.026020042600642966,0.13241301562885724,39,64,0.01602289324157929,0,64,0.10602900349208205,0,64,0.0186130136686148,0.01889177900739014,64,0.09097674236195388,0,0.01605547492624304,0.10594403831249512,32,0.018644756603925054,0.09105088255942514,0.01599031155691554,0.10611396867166903,32,0.01858127073330454,0.0909026021644826
16,0.02370995311974334,0,16,0.11413915645937597,0,16,0.026448563041144624,16,0.12890106518692845,0,0.023861065303434965,0.1143989234230515,8,0.026582880209021692,0.12776642217735898,0.023558840936051713,0.11387938949570044,8,0.026314245873267555,0.13003570819649796,40,64,0.016684452964062117,0,64,0.10576679906510517,0,64,0.01927274433955367,0.019060412887483835,64,0.09231883899253801,0,0.01672868080562541,0.10585144366427585,32,0.019322580355454633,0.0926225439904117,0.01664022512249883,0.10568215446593447,32,0.019222908323652713,0.09201513399466434
16,0.023080175924098417,0,16,0.11149678726865372,0,16,0.025798002572420452,16,0.12955647845933702,0,0.02324857668123926,0.11173520744166099,8,0.025945901429411885,0.12819568987312752,0.022911775166957575,0.11125836709564645,8,0.025650103715429015,0.13091726704554654,41,64,0.016244338760702512,0,64,0.1048580323632636,0,64,0.018800558537073065,0.01898356492165476,64,0.09033743539057637,0,0.016302264414702953,0.1049401188080305,32,0.0188617930390548,0.09053099865441384,0.016186413106702068,0.10477594591849669,32,0.018739324035091327,0.0901438721267389
16,0.023538630938715905,0,16,0.10910665700790155,0,16,0.026257886419976756,16,0.13203803793525484,0,0.023740484005312205,0.10940827361988811,8,0.026440309007638184,0.1307757977991059,0.02333677787211961,0.108805040395915,8,0.02607546383231533,0.13330027807140382,42,64,0.01616131099267154,0,64,0.10476339334742327,0,64,0.018737275836515976,0.019238418899476528,64,0.09164274177665413,0,0.016203240883886645,0.1048127667631676,32,0.018783955628102186,0.09193128318300946,0.016119381101456436,0.1047140199316789,32,0.018690596044929765,0.09135420037029879
16,0.02324348122019579,0,16,0.10858545556505207,0,16,0.025929035694748907,16,0.12969624318718898,0,0.023399426367654214,0.1087406765342846,8,0.02606163432306162,0.12815647680135064,0.023087536072737364,0.10843023459581955,8,0.025796437066436192,0.1312360095730273,43,64,0.016229072016741602,0,64,0.10518260515509778,0,64,0.018823161471535517,0.019058060948736966,64,0.09255355405544909,0,0.016273672126855165,0.10526796228478794,32,0.0188719643510966,0.09279585645191504,0.016184471906628042,0.10509724802540762,32,0.01877435859197444,0.09231125165898313
16,0.023053192601601383,0,16,0.11135128647020591,0,16,0.025778147633785754,16,0.1300792470879775,0,0.023179013792514056,0.11153654453841619,8,0.025884537879035267,0.12874856032208243,0.022927371410688707,0.1111660284019956,8,0.025671757388536245,0.13140993385387253,44,64,0.01629194501640195,0,64,0.10463072196412755,0,64,0.01883752974744953,0.01913824293296784,64,0.09005922006566146,0,0.016329840355542392,0.1045309568176829,32,0.018873537611166943,0.09008768120827107,0.01625404967726151,0.10473048711057222,32,0.018801521883732124,0.09003075892305187
16,0.0222342634450855,0,16,0.10941395643215256,0,16,0.02496080531821732,16,0.12945590171822055,0,0.022378691379071246,0.10970126400001255,8,0.02508824790350728,0.1282362550532214,0.022089835511099755,0.10912664886429256,8,0.02483336273292736,0.1306755483832197,45,64,0.015283487904326164,0,64,0.103526138907309,0,64,0.01783499926791876,0.018379061832092702,64,0.08957576079264606,0,0.015325890607461699,0.10348260800018297,32,0.01787956746541251,0.08981458910249246,0.015241085201190628,0.10356966981443502,32,0.01779043107042501,0.08933693248279968
16,0.022678629695961638,0,16,0.11418236700494826,0,16,0.025441141787207452,16,0.12901873281166398,0,0.022824049935442455,0.11442342759165658,8,0.02557270570994642,0.1281052563704689,0.02253320945648082,0.11394130641823992,8,0.02530957786446849,0.12993220925285906,46,64,0.015693444808143744,0,64,0.10338459574190142,0,64,0.01823345308852984,0.018084396608173847,64,0.08956540620494309,0,0.015732945342871063,0.10340798225088865,32,0.018275450810278777,0.08972178461275397,0.015653944273416428,0.10336120923291421,32,0.018191455366780906,0.08940902779713218
16,0.02215541415915326,0,16,0.11202615272861276,0,16,0.024924616201496035,16,0.1303162157958372,0,0.022312823209030185,0.1123568011312065,8,0.025067963443888737,0.12930485866523656,0.021998005109276332,0.111695504326019,8,0.024781268959103327,0.1313275729264378,47,64,0.015353558947158785,0,64,0.10295091348470362,0,64,0.017904076377645618,0.018264069105498493,64,0.09030050911809544,0,0.015385541651239901,0.10300767864798455,32,0.01794151693640629,0.09061669027519585,0.015321576243077669,0.10289414832142268,32,0.017866635818884938,0.08998432796099501
16,0.022211429257404807,0,16,0.11189622019030235,0,16,0.024931137080803443,16,0.1271926738246268,0,0.022371746525223786,0.11213891136519595,8,0.025076361754786468,0.12623530995504162,0.022051111989585835,0.11165352901540876,8,0.024785912406820418,0.1281500376942119,48,64,0.015339506114515171,0,64,0.10258066519853216,0,64,0.017889146563901826,0.01818436977919191,64,0.0904888049133751,0,0.015391238016661197,0.10273836355753267,32,0.017947357668374804,0.09078167475743519,0.015287774212369145,0.10242296683953164,32,0.017830935459428855,0.09019593506931506
16,0.02210877491792332,0,16,0.10997378278664169,0,16,0.024872872926229594,16,0.13165193194807892,0,0.022268523307541928,0.11027898270457812,8,0.02501626790891506,0.13049278119929458,0.02194902652830471,0.10966858286870527,8,0.024729477943544124,0.13281108269686323,49,64,0.015346471511730509,0,64,0.10287888010311111,0,64,0.01788731951247733,0.01814971666317433,64,0.08976397788920737,0,0.015391626922709293,0.10289112244933671,32,0.017935280054791152,0.08998226833466456,0.015301316100751727,0.10286663775688551,32,0.01783935897016351,0.08954568744375019
16,0.022417211622462952,0,16,0.10853596572862752,0,16,0.02507951344097196,16,0.12629236136263008,0,0.022557499958320088,0.10867900274057264,8,0.02519900009780182,0.12493668109251765,0.022276923286605813,0.1083929287166824,8,0.024960026784142098,0.12764804163274251,50,64,0.015053048787014025,0,64,0.10154105958546972,0,64,0.017569799681936473,0.017960889148525894,64,0.08871292553131392,0,0.015097541086890143,0.10162200586087183,32,0.017618153204600404,0.0889145822048501,0.015008556487137906,0.10146011331006759,32,0.017521446159272543,0.08851126885777771
16,0.02240551562085152,0,16,0.11016520330048088,0,16,0.025104647605940226,16,0.12788444334722018,0,0.022554864395522276,0.11038845615205926,8,0.025230018628614393,0.126223466311938,0.02225616684618076,0.10994195044890248,8,0.02497927658326606,0.12954542038250239,51,64,0.015817202375084057,0,64,0.10165688165988317,0,64,0.01830787350037369,0.017925276421010494,64,0.0884377933627791,0,0.01586254468458033,0.10169852938660232,32,0.01835709143418971,0.08868488203874456,0.015771860065587784,0.101615233933164,32,0.018258655566557667,0.08819070468681364
16,0.022277084226863978,0,16,0.11085601063145854,0,16,0.024968193445970684,16,0.12641949178000741,0,0.022410973524049936,0.11093671587833767,8,0.02508217593641176,0.12519391084467568,0.02214319492967802,0.11077530538457943,8,0.024854210955529612,0.12764507271533915,52,64,0.015396003555638867,0,64,0.10208279887829935,0,64,0.01792366882026469,0.018303915043361485,64,0.08957343192404588,0,0.015423365836534225,0.10222531755804715,32,0.017957111250842664,0.08981409515826755,0.015368641274743508,0.10194028019855154,32,0.017890226389686712,0.0893327686898242
16,0.021944847073044185,0,16,0.11405205070724266,0,16,0.02474672405348282,16,0.1303291562055003,0,0.022091625781953214,0.11439377488873036,8,0.02488060024594699,0.12938794500030226,0.02179806836413516,0.11371032652575495,8,0.024612847861018645,0.13127036741069836,53,64,0.015084836953320035,0,64,0.10308701304681536,0,64,0.017647754982302657,0.01793126412667334,64,0.08996850727387704,0,0.015134785777625951,0.10317068248151134,32,0.01770337168747642,0.09028153669187591,0.015034888129014122,0.10300334361211941,32,0.017592138277128896,0.08965547785587814
16,0.02179527469323309,0,16,0.1156594006238204,0,16,0.02459825242811891,16,0.12889029878443028,0,0.02195532287246091,0.11598552543134288,8,0.024743861511028448,0.12788612903772234,0.02163522651400527,0.11533327581629788,8,0.02445264334520937,0.1298944685311382,54,64,0.015310136568683387,0,64,0.10343489845555634,0,64,0.017898895698545227,0.01789673767052591,64,0.09202225685861298,0,0.015351121823170878,0.10357378856909182,32,0.017947908710982365,0.0924200455158325,0.0152691513141959,0.10329600834202089,32,0.01784988268610808,0.09162446820139349
16,0.021465691748637182,0,16,0.10863079174700425,0,16,0.02417705070980092,16,0.12776114737988253,0,0.02160215797822018,0.10884597113874087,8,0.024294573334893356,0.12647806608424106,0.021329225519054185,0.10841561235526764,8,0.02405952808470849,0.12904422867552406,55,64,0.01464201662940692,0,64,0.10038742212022218,0,64,0.017141730064909537,0.017643610015511513,64,0.08806352399124598,0,0.014676478366485444,0.10044084833862545,32,0.017181171861259857,0.08835678080540521,0.014607554892328393,0.10033399590181893,32,0.01710228826855922,0.08777026717708677
16,0.021591727178293704,0,16,0.10809452421639233,0,16,0.024293289433738506,16,0.12805050541958313,0,0.02173470697484326,0.10821238476254125,8,0.024416351719323295,0.12676883894221858,0.021448747381744154,0.10797666367024342,8,0.02417022714815372,0.1293321718969477,56,64,0.014483083345197746,0,64,0.10080229565812418,0,64,0.016971953352386777,0.01734230015426874,64,0.08667301311112759,0,0.01451440082515417,0.10076551808258485,32,0.017005830912841538,0.08690275861852809,0.014451765865241325,0.1008390732336635,32,0.01693807579193202,0.08644326760372709
16,0.021642060681809586,0,16,0.11440294128754312,0,16,0.024416165179725363,16,0.1277944652075732,0,0.021789921343763754,0.11470329508545257,8,0.024552097957540084,0.12697970174444154,0.02149420001985542,0.11410258748963367,8,0.024280232401910646,0.12860922867070482,57,64,0.01464525334514312,0,64,0.10192077080661588,0,64,0.01718063317799985,0.01746343809645623,64,0.08855787857394352,0,0.014676285096834116,0.10194121711900578,32,0.01721585793098692,0.08881289992115535,0.014614221593452121,0.101900324494226,32,0.01714540842501279,0.0883028572267317
16,0.021708910349650442,0,16,0.10881064483200034,0,16,0.024389217931798997,16,0.12587763363149682,0,0.021847596785377937,0.10904773075457631,8,0.024511590972491316,0.12477355173297408,0.02157022391392295,0.10857355890942438,8,0.02426684489110667,0.12698171553001955,58,64,0.01454969929701417,0,64,0.09925684545484931,0,64,0.017009075444859315,0.017444072058424354,64,0.08637427321835262,0,0.01458140656797009,0.09927034070813014,32,0.017044262675515797,0.08660536036226607,0.014517992026058246,0.09924335020156846,32,0.01697388821420283,0.08614318607443913
16,0.0214503703327659,0,16,0.10898085418386232,0,16,0.02411946043715492,16,0.1249906034771773,0,0.021612143940783923,0.10920061899051839,8,0.02426466402662947,0.12390441591065687,0.021288596724747883,0.10876108937720624,8,0.02397425684768037,0.12607679104369773,59,64,0.014679995776676422,0,64,0.09884439511612596,0,64,0.017126950193600905,0.017368867178447545,64,0.08623381309491399,0,0.014715336812669875,0.09891188939417302,32,0.017168143812911936,0.08657060959783652,0.014644654740682968,0.09877690083807891,32,0.017085756574289873,0.08589701659199145
16,0.021633732786325757,0,16,0.11016320680884072,0,16,0.024332587771996324,16,0.12573079637533116,0,0.02178210824612546,0.1103157626107757,8,0.02446626604531158,0.12482482237948891,0.02148535732652606,0.11001065100690571,8,0.02419890949868106,0.12663677037117343,60,64,0.014716169711654882,0,64,0.100022356896907,0,64,0.017205590662792265,0.017358363256789744,64,0.08794998022491445,0,0.01475573267498282,0.10006896436527578,32,0.01724980574705777,0.08822794971266294,0.014676606748326946,0.0999757494285382,32,0.01716137557852676,0.08767201073716593
16,0.021596007877102173,0,16,0.11067504377400128,0,16,0.02432096856050552,16,0.12709626573451144,0,0.02172909915155097,0.11081992533964993,8,0.024440360132407,0.12624503088488903,0.021462916602653374,0.11053016220835264,8,0.024201576988604034,0.12794750058413382,61,64,0.014844848253753729,0,64,0.09973791081423294,0,64,0.01730465086729388,0.017420697258785367,64,0.08659149011794373,0,0.01487284120960706,0.09975968522438036,32,0.01733579468045447,0.08677043933329245,0.014816855297900396,0.09971613640408555,32,0.01727350705413329,0.08641254090259502
16,0.021524567115682625,0,16,0.11618267526685691,0,16,0.024361121969174674,16,0.13037362385926987,0,0.021663750589984453,0.11628272102946463,8,0.024486137522190705,0.12953736669496033,0.02138538364138079,0.11608262950424919,8,0.024236106416158643,0.1312098810235794,62,64,0.015016157715317686,0,64,0.1025727666559609,0,64,0.017566651592263838,0.018125375383533537,64,0.08951350225654334,0,0.015049128438617457,0.102482114608729,32,0.017599460358155863,0.08963403164485909,0.014983186992017911,0.10266341870319279,32,0.017533842826371812,0.08939297286822757
16,0.021525611685550852,0,16,0.11103194284372214,0,16,0.02428214424542241,16,0.1293113436557779,0,0.021669321298233228,0.11133432927161452,8,0.024412448061669118,0.12835165937341522,0.02138190207286847,0.11072955641582975,8,0.024151840429175706,0.13027102793814055,63,64,0.014968588853609553,0,64,0.10083226910334792,0,64,0.017456522479191598,0.017899362021125853,64,0.08749081586071257,0,0.014999573019338347,0.10077135998447462,32,0.017490601461558224,0.08777565719656263,0.014937604687880756,0.10089317822222119,32,0.01742244349682498,0.08720597452486249
16,0.021425258167574505,0,16,0.1096618853824118,0,16,0.024165523026035324,16,0.12882099046198006,0,0.0215614715270014,0.10990368231348166,8,0.024286556317198255,0.1277754776050496,0.02128904480814762,0.10942008845134193,8,0.024044489734872394,0.12986650331891053,64,64,0.014564968240837323,0,64,0.10006526449184,0,64,0.017036713123368772,0.017326510860584676,64,0.08644676232108722,0,0.014604851711405683,0.10004744834033061,32,0.017079807876341703,0.08671656467666386,0.014525084770268964,0.1000830806433494,32,0.01699361837039584,0.08617695996551056
16,0.02108379615384022,0,16,0.10929373974232555,0,16,0.023806849523764724,16,0.12755704565207085,0,0.02122250093517744,0.10956135434201836,8,0.023929514259475496,0.12642441923019992,0.020945091372502996,0.10902612514263274,8,0.02368418478805395,0.12868967207394175,65,64,0.0143846841937561,0,64,0.09912008802523452,0,64,0.01684820747387044,0.01746716268826276,64,0.0865454309574881,0,0.014411335235878129,0.0991308460273618,32,0.016879778017274354,0.0868626189067608,0.014358033151634069,0.09910933002310723,32,0.016816636930466526,0.0862282430082154
16,0.02147946523521109,0,16,0.10875550356346675,0,16,0.02419512486859266,16,0.12812286864297032,0,0.021624772568737877,0.10890730116429836,8,0.024318600992579573,0.1266843970961184,0.0213341579016843,0.10860370596263515,8,0.024071648744605743,0.12956134018982224,66,64,0.01497025347725562,0,64,0.09933496034232314,0,64,0.017424093544427623,0.017329551745206118,64,0.08683858977926234,0,0.01501151395529162,0.09930790510961555,32,0.017467251770912365,0.0870390256571477,0.014928992999219619,0.09936201557503072,32,0.01738093531794288,0.08663815390137697
16,0.021385736684300685,0,16,0.11013648433983522,0,16,0.024111865377748766,16,0.12706705518308595,0,0.02152275091913399,0.11046367405615258,8,0.024234734463753568,0.1260272384082809,0.021248722449467378,0.10980929462351785,8,0.023988996291743968,0.12810687195789094,67,64,0.014761470108320827,0,64,0.09982104364580463,0,64,0.017246884054380802,0.01780960022006184,64,0.08792559188590532,0,0.014784308333123298,0.09977755720635526,32,0.017274250527200385,0.08827494513205222,0.014738631883518354,0.099864530085254,32,0.017219517581561226,0.0875762386397584
16,0.021927643518752572,0,16,0.11209464881651279,0,16,0.024618407816295623,16,0.12430445139188473,0,0.02208734289366114,0.11222733784922798,8,0.024764560957638144,0.12355423737702342,0.021767944143844007,0.11196195978379762,8,0.0244722546749531,0.125054665406746,68,64,0.015148931233801743,0,64,0.09912380891111891,0,64,0.017593600941997883,0.017748285550624132,64,0.0868430037388653,0,0.015163997725082014,0.09921186526630676,32,0.017615652319513814,0.08717916890213581,0.01513386474252147,0.09903575255593107,32,0.017571549564481953,0.08650683857559477
16,0.021638431632647767,0,16,0.10998894581328802,0,16,0.02435029373179834,16,0.1273267725531711,0,0.021826628292829574,0.11029952231132202,8,0.02452842458681477,0.1267029717557196,0.02145023497246596,0.10967836931525402,8,0.024172162876781905,0.1279505733506226,69,64,0.015240785727312463,0,64,0.09941526602175207,0,64,0.017705476835175163,0.017653302173130214,64,0.0880783625099257,0,0.015304507933965475,0.09953424081557904,32,0.01777503250556457,0.08841387045174717,0.01517706352065945,0.09929629122792509,32,0.017635921164785757,0.08774285456810427
16,0.021715008212611853,0,16,0.10950027781062015,0,16,0.024412401195478915,16,0.12653196205050665,0,0.021845006204544614,0.1098057381783685,8,0.024528117185742652,0.125468769009069,0.021585010220679088,0.10919481744287181,8,0.024296685205215177,0.12759515509194433,70,64,0.014852021910940521,0,64,0.09936713251221124,0,64,0.017293749250364993,0.017555494676344097,64,0.08583511827038115,0,0.014884680479752551,0.09939143819352206,32,0.01733132725171592,0.08614990925547301,0.01481936334212849,0.09934282683090043,32,0.017256171249014064,0.0855203272852893
16,0.020944938451027934,0,16,0.10693245432848701,0,16,0.023603815547910356,16,0.1253182747852185,0,0.021065489502470308,0.10707735917196431,8,0.0237043709631408,0.12396047306874544,0.02082438739958556,0.10678754948500971,8,0.02350326013267991,0.1266760765016916,71,64,0.014110161520309486,0,64,0.09854502319745345,0,64,0.016571482759374166,0.017137294868007302,64,0.08637288280430389,0,0.014140722673680713,0.09868102227142118,32,0.016608577290508793,0.0866748624449288,0.014079600366938262,0.09840902412348572,32,0.016534388228239542,0.08607090316367902
16,0.02108878143364328,0,16,0.10933922045986219,0,16,0.023778577233726672,16,0.12504394632774365,0,0.02122376610671013,0.10966774177380428,8,0.02390363103373467,0.12430499511527257,0.020953796760576432,0.1090106991459201,8,0.023653523433718675,0.12578289754021474,72,64,0.014151501901809438,0,64,0.09756379763534387,0,64,0.016582277582727362,0.01689397601876408,64,0.08553047262418755,0,0.014198982799740774,0.09759399473336641,32,0.016635335619324426,0.08589998045660435,0.014104021003878104,0.09753360053732132,32,0.016529219546130305,0.08516096479177074
16,0.02152231849172069,0,16,0.11125089606299257,0,16,0.024301556293712438,16,0.13022650288560472,0,0.021628922270442802,0.11139082085114,8,0.024393666405091607,0.12925772581024156,0.021415714712998576,0.11111097127484514,8,0.024209446182333273,0.13119527996096791,73,64,0.014574365808751114,0,64,0.10001173368857347,0,64,0.017050121546998784,0.017412652960047126,64,0.08671056788208499,0,0.014588945795128143,0.09988201611290193,32,0.017065027160185126,0.08686769874862796,0.014559785822374084,0.10014145126424502,32,0.017035215933812436,0.08655343701554202
16,0.021511667103613127,0,16,0.11065443943422276,0,16,0.024193996147473088,16,0.1249420670014587,0,0.021639948649589853,0.11066129415987608,8,0.02430198442616649,0.12371789485346271,0.0213833855576364,0.11064758470856943,8,0.024086007868779687,0.12616623914945468,74,64,0.014473338959866706,0,64,0.09945065720623013,0,64,0.016953654568005433,0.017120794975198805,64,0.08724005105188576,0,0.014514973926208031,0.09961722263509044,32,0.017000875436480916,0.08745504444125574,0.014431703993525377,0.09928409177736983,32,0.01690643369952995,0.08702505766251581
16,0.021443645267376556,0,16,0.11233360988535888,0,16,0.024180595131565404,16,0.12702060226532555,0,0.021564320529463596,0.1123425193337344,8,0.024282841073304622,0.12592162208864535,0.021322970005289515,0.11232470043698337,8,0.02407834918982618,0.12811958244200575,75,64,0.014682617302834478,0,64,0.09945329157271238,0,64,0.017149611100913936,0.017139900592155755,64,0.08669701660270177,0,0.01471472336059055,0.09955612636991079,32,0.017186182638855702,0.08689428935191293,0.014650511245078407,0.09935045677551393,32,0.01711303956297217,0.08649974385349063
16,0.022149355961960535,0,16,0.10971815534158161,0,16,0.02481928770384443,16,0.12591471435598128,0,0.022245641939335967,0.10969114377534449,8,0.024896932500273243,0.12476669345472827,0.02205306998458511,0.10974516690781874,8,0.02474164290741561,0.12706273525723433,76,64,0.01610961878776425,0,64,0.09835382237793774,0,64,0.01849437853029038,0.017449154402129352,64,0.08566660663863442,0,0.016131898643714133,0.09837976114746716,32,0.018519751230864342,0.08585100993374738,0.01608733893181437,0.09832788360840836,32,0.018469005829716417,0.08548220334352147
16,0.0220857997122963,0,16,0.11009048028778168,0,16,0.02477255608308746,16,0.12645622756016334,0,0.022211144795081704,0.1101381960427108,8,0.024879735753811333,0.125348331633091,0.021960454629510896,0.11004276453285255,8,0.024665376412363597,0.12756412348723567,77,64,0.0155797163108656,0,64,0.09780728815402133,0,64,0.01796543854315825,0.018158338498324156,64,0.08516620337412345,0,0.015617628345501943,0.09788896379213521,32,0.01800690774411442,0.08534808880234976,0.015541804276229258,0.09772561251590745,32,0.017923969342202088,0.08498431794589714
16,0.021517702463608183,0,16,0.10690691087194114,0,16,0.02417760972523268,16,0.12549332286086667,0,0.021638907077491693,0.10688107145318382,8,0.024276624896147563,0.12411763150000346,0.021396497849724673,0.10693275029069846,8,0.024078594554317795,0.12686901422172991,78,64,0.014648727935253729,0,64,0.09794542594069337,0,64,0.017079120227289992,0.017841586377471685,64,0.08608502579649456,0,0.014672863016749901,0.09795547707214777,32,0.01710580767169437,0.08623056569720218,0.014624592853757555,0.09793537480923897,32,0.017052432782885613,0.08593948589578693
16,0.02190438318547181,0,16,0.10808635412146232,0,16,0.02459085754371787,16,0.12743256705576567,0,0.022031474388805997,0.10829730059126863,8,0.024702848700637686,0.1263826122215584,0.021777291982137625,0.10787540765165601,8,0.024478866386798057,0.12848252188997294,79,64,0.014722120134382994,0,64,0.0982787080992037,0,64,0.017160136350809818,0.017290344811044633,64,0.08650667905834744,0,0.014772931788738907,0.098385162976681,32,0.017217900086300628,0.08688698137429382,0.014671308480027083,0.09817225322172637,32,0.01710237261531901,0.08612637674240106
16,0.02162847863617032,0,16,0.11079160948242474,0,16,0.024373961683707715,16,0.12900776447709106,0,0.021739060442758425,0.11095281341812435,8,0.024468584186766104,0.1279202474058507,0.021517896829582217,0.11063040554672512,8,0.024279339180649326,0.1300952815483314,80,64,0.014724119830436592,0,64,0.0992710028291917,0,64,0.017169270835641834,0.01735963113605976,64,0.08561706361001901,0,0.014753686006219253,0.09922111231307912,32,0.017201428942044593,0.08583275871970611,0.014694553654653927,0.09932089334530428,32,0.017137112729239082,0.08540136850033193
16,0.02246003192483716,0,16,0.11020451811486962,0,16,0.02515178478364287,16,0.1270795641390769,0,0.02257196771907615,0.11033798551513016,8,0.02525001750333098,0.12618111294379727,0.022348096130598166,0.1100710507146091,8,0.02505355206395476,0.1279780153343565,81,64,0.015513138770238766,0,64,0.09890742388386545,0,64,0.01793498856582136,0.01749259768985212,64,0.08631199085404853,0,0.01555874388847376,0.09894448466122216,32,0.01798473073977056,0.08657671662955224,0.015467533652003772,0.09887036310650874,32,0.017885246391872157,0.08604726507854481
16,0.022257980818342862,0,16,0.1091218161746667,0,16,0.024964061324366682,16,0.12921507011876124,0,0.02238503444177164,0.1093418025678181,8,0.025074355030532583,0.1280355220397833,0.02213092719491409,0.10890182978151529,8,0.024853767618200788,0.13039461819773918,82,64,0.015966949202826652,0,64,0.09944886780217914,0,64,0.018384485172880816,0.01795247895643115,64,0.08619048094146227,0,0.016012200132757008,0.09952533141891055,32,0.01843601793547215,0.08654556251981706,0.0159216982728963,0.09937240418544771,32,0.018332952410289483,0.08583539936310748
16,0.021330799887628003,0,16,0.11285951987185933,0,16,0.02407123844640253,16,0.12584564343173554,0,0.021480046981828663,0.11294706191230737,8,0.024206649992258633,0.12505895682524973,0.021181552793427344,0.11277197783141127,8,0.023935826900546433,0.12663233003822133,83,64,0.01470591894478025,0,64,0.09775335458748233,0,64,0.01713404978054754,0.0175575785106048,64,0.08618302418962187,0,0.014743092837118738,0.09782481514163797,32,0.017177309030629508,0.08649895863023102,0.014668745052441763,0.09768189403332665,32,0.017090790530465572,0.0858670897490127
16,0.02117666345665127,0,16,0.11031636516433796,0,16,0.02392270477355163,16,0.1289866279854565,0,0.02130188093066071,0.11038825095335103,8,0.02403046820578334,0.12790214042208645,0.02105144598264183,0.11024447937532492,8,0.02381494134131991,0.13007111554882655,84,64,0.014319052348556936,0,64,0.09876226838512517,0,64,0.016754075254538828,0.016809900058433414,64,0.084830572700178,0,0.0143508104531775,0.0987583057258969,32,0.01678812468730577,0.08499140822670112,0.014287294243936374,0.09876623104435345,32,0.016720025821771893,0.08466973717365489
16,0.02137928739381413,0,16,0.10816907982773948,0,16,0.024086384185709023,16,0.1286882414046025,0,0.021495133881000678,0.10826150575573798,8,0.024183702961951367,0.12746088492564436,0.021263440906627587,0.10807665389974097,8,0.02398906540946668,0.12991559788356064,85,64,0.014622047105920102,0,64,0.09804809811474316,0,64,0.017036189124850797,0.01697374985087663,64,0.08481746279219027,0,0.014641460550757898,0.09790890489849047,32,0.0170543444149478,0.08490005516008262,0.014602633661082307,0.09818729133099581,32,0.017018033834753796,0.08473487042429792
16,0.02167463516991016,0,16,0.10978527941342517,0,16,0.024368572513115652,16,0.12658162664463193,0,0.0218149659666945,0.1099821095302631,8,0.024496452146282564,0.1257861662380205,0.021534304373125823,0.10958844929658726,8,0.024240692879948744,0.12737708705124337,86,64,0.014613266955162251,0,64,0.09705214118454832,0,64,0.01701918657510619,0.01692254259251058,64,0.08530753231737924,0,0.014640874279156524,0.09706451889713033,32,0.01705092659954995,0.08555558204787173,0.014585659631167978,0.0970397634719663,32,0.01698744655066243,0.08505948258688677
16,0.021558201225419925,0,16,0.11329521696437214,0,16,0.024309941316465935,16,0.12712373890422976,0,0.021721128778744304,0.11351224226578535,8,0.02446742864058289,0.12688846014718813,0.021395273672095552,0.11307819166295893,8,0.024152453992348978,0.1273590176612714,87,64,0.014766793775637081,0,64,0.09993563743839581,0,64,0.01724170538803145,0.017751719569787383,64,0.0870298113551203,0,0.01478207369492319,0.09996922730838664,32,0.017262442875142947,0.08729720178804126,0.014751513856350972,0.09990204756840498,32,0.017220967900919953,0.08676242092219932
16,0.021327605732607488,0,16,0.10951353008024066,0,16,0.02403917972172267,16,0.1274807746597497,0,0.021454654581386807,0.10969090710509663,8,0.024151044243806204,0.12646247827962398,0.021200556883828173,0.10933615305538469,8,0.02392731519963913,0.1284990710398754,88,64,0.014392941454607035,0,64,0.0978984421752158,0,64,0.016822535418735317,0.017097714473493397,64,0.0854050927428606,0,0.014428478328169882,0.09791795369079581,32,0.016861879891085882,0.08566031198685325,0.014357404581044191,0.0978789306596358,32,0.01678319094638475,0.08514987349886793
16,0.02163666018242881,0,16,0.10947969481701689,0,16,0.024315212257061146,16,0.12544927508162518,0,0.021740106277795383,0.1095426003057684,8,0.024403845935433943,0.12453748762946613,0.02153321408706224,0.10941678932826539,8,0.024226578578688342,0.12636106253378424,89,64,0.014551738099085543,0,64,0.0972616077367493,0,64,0.01695386787689227,0.017135517671704292,64,0.08471468259373101,0,0.014568424327318048,0.0973868059325784,32,0.016976543314579484,0.08493024204978582,0.01453505187085304,0.09713640954092018,32,0.01693119243920506,0.08449912313767619
16,0.02164325511981447,0,16,0.11071836730526087,0,16,0.02435053318019235,16,0.12661596593217603,0,0.021759434511602966,0.11078216620493209,8,0.02445232875308418,0.12574105968537314,0.02152707572802598,0.11065456840558968,8,0.024248737607300522,0.12749087217897895,90,64,0.014956622672690916,0,64,0.09893657970832466,0,64,0.017387193198835044,0.017663944396190345,64,0.08568781422920599,0,0.014981495759787869,0.09897286768872035,32,0.017414345527093728,0.08580413687105178,0.014931749585593965,0.09890029172792894,32,0.017360040870576358,0.0855714915873602
16,0.021397644120332564,0,16,0.1091456373915746,0,16,0.024060224977968964,16,0.12445645514541007,0,0.021529847825752894,0.10925198578487545,8,0.024176644669758277,0.12346283197833999,0.02126544041491224,0.10903928899827373,8,0.023943805286179655,0.12545007831248012,91,64,0.014596229934740145,0,64,0.09709542522914705,0,64,0.017000364379451835,0.01784411573316902,64,0.08498731666166984,0,0.014625216455749566,0.09723725523418184,32,0.017037680478088874,0.0853739988841283,0.014567243413730724,0.09695359522411226,32,0.016963048280814793,0.08460063443921138
16,0.02133652155896352,0,16,0.10779870693016647,0,16,0.024004346072214116,16,0.12578173164616901,0,0.021455007287409664,0.10797716890242526,8,0.024107512889333795,0.12475226372724682,0.021218035830517373,0.10762024495790767,8,0.02390117925509444,0.12681119956509118,92,64,0.014294671387775824,0,64,0.09738002257632183,0,64,0.016717564589848567,0.01695202710106969,64,0.08545216286598112,0,0.014325276083090744,0.09749846227453227,32,0.01675416427629308,0.0857286326702234,0.014264066692460902,0.09726158287811143,32,0.016680964903404052,0.08517569306173886
16,0.022307107610317206,0,16,0.10918739600304007,0,16,0.025009571962936177,16,0.12863540821310082,0,0.022421396455357755,0.10931844177649791,8,0.025108690599373273,0.12761226086456257,0.022192818765276658,0.10905635022958224,8,0.02491045332649908,0.12965855556163908,93,64,0.014580762875610062,0,64,0.09862045359063616,0,64,0.017012335438665732,0.01684127887710929,64,0.08542945385964239,0,0.014603318317510224,0.09847277541291156,32,0.01703289455362486,0.08547203434658694,0.014558207433709901,0.09876813176836075,32,0.016991776323706596,0.08538687337269783
16,0.02176861931358239,0,16,0.10788524669950475,0,16,0.02442200497766997,16,0.12510229902804473,0,0.021951924650781447,0.10817898891644567,8,0.024594772656104748,0.12446505066042794,0.02158531397638333,0.10759150448256383,8,0.0242492372992352,0.1257395473956615,94,64,0.014979324432328908,0,64,0.0958865641470476,0,64,0.01734302668179223,0.017000855063088238,64,0.08466084211966331,0,0.015005149172944723,0.09590159406128895,32,0.017375410833008254,0.08507051786202122,0.014953499691713095,0.09587153423280624,32,0.017310642530576213,0.08425116637730538
16,0.02146274963332552,0,16,0.1062903947785465,0,16,0.02409536435140486,16,0.1248050604753422,0,0.021577019258275026,0.10634684066540387,8,0.024190754978907318,0.12361446739102692,0.021348480008376015,0.10623394889168913,8,0.023999973723902404,0.1259956535596575,95,64,0.014365167431745625,0,64,0.09571191962879827,0,64,0.016728252219839757,0.017117260955274105,64,0.08341559124095957,0,0.014381311639424051,0.09574593615416901,32,0.016747624217106443,0.08359264429791086,0.014349023224067198,0.09567790310342753,32,0.016708880222573066,0.08323853818400828
16,0.020863393776706964,0,16,0.10813402363344268,0,16,0.023542249036901206,16,0.12527665631603632,0,0.02100683434725317,0.10830401157877612,8,0.023671979240773945,0.12442184526006131,0.020719953206160754,0.10796403568810925,8,0.023412518833028462,0.1261314673720113,96,64,0.014652600621448946,0,64,0.09643520400721771,0,64,0.01703011788254218,0.017136347945779562,64,0.0840285429877482,0,0.01468567426722405,0.09652910800134966,32,0.017069637851998415,0.08434748003302829,0.014619526975673841,0.09634130001308576,32,0.016990597913085943,0.0837096059424681
16,0.021820973196876453,0,16,0.11575540313382357,0,16,0.024628173527399475,16,0.12903980366241027,0,0.021942876750904543,0.11603617975394508,8,0.02474425651519192,0.12862860205187854,0.021699069642848366,0.11547462651370205,8,0.024512090539607033,0.129451005272942,97,64,0.014827963512317504,0,64,0.09993584207639856,0,64,0.017334394633865737,0.01832726178690791,64,0.08925079414894804,0,0.014864671602632884,0.09985768025843421,32,0.01737585750756554,0.08966536559342086,0.014791255422002122,0.10001400389436291,32,0.017292931760165935,0.08883622270447522
16,0.021154703990320687,0,16,0.11020615736519179,0,16,0.02392004563240752,16,0.12997714944502778,0,0.021279239149552133,0.11037608176434818,8,0.024031073600615172,0.1290722930588424,0.021030168831089244,0.11003623296603537,8,0.023809017664199864,0.13088200583121312,98,64,0.014823782101989789,0,64,0.09810885498550109,0,64,0.017239520881652537,0.01741005841176957,64,0.08532025439875224,0,0.01485666912263547,0.09799050339804574,32,0.01727394364193237,0.08558080482047059,0.014790895081344103,0.09822720657295644,32,0.017205098121372706,0.08505970397703388
16,0.02146891384766511,0,16,0.11032251084443893,0,16,0.024184345006378814,16,0.12671492903433124,0,0.021628859986999305,0.11054116250353817,8,0.024337094572372407,0.1263249162290882,0.02130896770833092,0.11010385918533971,8,0.024031595440385217,0.12710494183957424,99,64,0.015183082026826687,0,64,0.09685306029602367,0,64,0.01755534932823765,0.017167581943795085,64,0.0844897279867926,0,0.015206766711533254,0.09683392361843383,32,0.0175840436472037,0.08483263244705201,0.015159397342120122,0.09687219697361352,32,0.017526655009271593,0.08414682352653322
16,0.02142218481778439,0,16,0.10912249026336332,0,16,0.02412814340482492,16,0.1271248256254905,0,0.021571045070792598,0.10931461142063362,8,0.02426467644431362,0.12634838617613647,0.02127332456477618,0.10893036910609305,8,0.023991610365336223,0.12790126507484453,100,64,0.014807250732710303,0,64,0.09796545268233883,0,64,0.01722889023376313,0.017564155161380768,64,0.0857514999358509,0,0.014848940500166479,0.09811459459178826,32,0.017277682681150257,0.08606608336499552,0.014765560965254124,0.09781631077288944,32,0.017180097786376004,0.08543691650670632
16,0.021739625602953033,0,16,0.10940105421487309,0,16,0.024464713942271798,16,0.1292218339464084,0,0.021897144439970637,0.10964435226909795,8,0.024611748109473607,0.12859500859593467,0.02158210676593543,0.10915775616064824,8,0.02431767977506999,0.12984865929688208,101,64,0.014529944598182128,0,64,0.09816645392098954,0,64,0.016969045254402203,0.017554289661347866,64,0.0860231348729844,0,0.014562424659565629,0.09814720255124054,32,0.017006309698906402,0.08638263560270391,0.014497464536798631,0.09818570529073853,32,0.016931780809898003,0.08566363414326489
16,0.021898119133808028,0,16,0.10972611587379201,0,16,0.024635357023347224,16,0.13011947182021816,0,0.02203113007457886,0.10983124786848315,8,0.024751827921356932,0.12906019588710546,0.0217651081930372,0.10962098387910088,8,0.024518886125337522,0.13117874775333085,102,64,0.016402843959274757,0,64,0.10027866046587175,0,64,0.01881736934497188,0.017710526823066175,64,0.08615132594883856,0,0.016450163829036732,0.10016270680517478,32,0.01886609196557352,0.08642504914588411,0.016355524089512782,0.10039461412656872,32,0.01876864672437024,0.085877602751793
16,0.02274482117462684,0,16,0.10816872314081322,0,16,0.02539105778367567,16,0.12604471182978344,0,0.02286257358213426,0.10824927235850668,8,0.025492867713698984,0.12502402450441763,0.022627068767119417,0.10808817392311973,8,0.025289247853652358,0.12706539915514928,103,64,0.01542982053214983,0,64,0.09653209155375861,0,64,0.017788367772931548,0.018906616140156984,64,0.08458726202127417,0,0.015458821289632437,0.09651642601207383,32,0.017821919472487825,0.0849105595470265,0.015400819774667226,0.09654775709544341,32,0.017754816073375278,0.08426396449552184
16,0.02257236628676925,0,16,0.11425089481868908,0,16,0.025339049944300397,16,0.12827725945452673,0,0.022706627639651863,0.11440894396897118,8,0.02545908381896579,0.12736017573262687,0.022438104933886635,0.114092845668407,8,0.025219016069635,0.12919434317642664,104,64,0.016887509838685026,0,64,0.0988201107893563,0,64,0.019290470698969817,0.018568022293038666,64,0.08811775781795804,0,0.01695400574303096,0.09893687666898458,32,0.019364651947913623,0.08857393232170435,0.016821013934339088,0.09870334490972804,32,0.019216289450026014,0.08766158331421174
16,0.02407700664794387,0,16,0.1097394213288676,0,16,0.026771053384375007,16,0.13073734825641997,0,0.024231630725290984,0.11000127881701291,8,0.026917330892863408,0.13017952738925118,0.023922382570596763,0.10947756384072233,8,0.026624775875886606,0.1312951691235888,105,64,0.020090278750859787,0,64,0.09799970287847151,0,64,0.022343518216389933,0.018736666534096003,64,0.08579550222022639,0,0.020196527900618565,0.09784695777208875,32,0.02245027204836344,0.0861997385412307,0.019984029601101003,0.09815244798485427,32,0.02223676438441642,0.0853912658992221
16,0.024976198273885204,0,16,0.11069535912106872,0,16,0.02759427742364534,16,0.12653142348434715,0,0.025171838318813172,0.11081126305685579,8,0.027773830301740063,0.1256641028212656,0.024780558228957236,0.11057945518528164,8,0.027414724545550623,0.1273987441474287,106,64,0.017489056721629655,0,64,0.09710148582442038,0,64,0.019800423247099574,0.022553620859980583,64,0.08501530983429907,0,0.017556829796837554,0.09722380378615098,32,0.01987465569891651,0.0853744702904082,0.017421283646421752,0.09697916786268976,32,0.019726190795282643,0.08465614937818994
16,0.023490511681801798,0,16,0.10995159329262738,0,16,0.026157462003764533,16,0.12736137346587115,0,0.023593591367225726,0.11009313082125977,8,0.026243840720378418,0.1261891222467245,0.02338743199637787,0.109810055763995,8,0.026071083287150645,0.1285336246850178,107,64,0.015888937162197667,0,64,0.09737396896671531,0,64,0.01826697553801324,0.01860477589070797,64,0.08582412477642395,0,0.015925539090923608,0.09744398575217791,32,0.018309703700938137,0.08616727203461519,0.01585233523347173,0.0973039521812527,32,0.01822424737508834,0.08548097751823275
16,0.022171939151256932,0,16,0.11395439951382214,0,16,0.024898673858713593,16,0.12575049981047995,0,0.022315527340028125,0.11406328628141046,8,0.025024108774876062,0.12461615779987975,0.022028350962485732,0.1138455127462338,8,0.024773238942551123,0.12688484182108017,108,64,0.015785791615596574,0,64,0.09820742853567951,0,64,0.018209452771894563,0.018833862734027207,64,0.08760529448359045,0,0.015841785012615014,0.09826748169256687,32,0.01827084759639594,0.08795437530273811,0.015729798218578134,0.09814737537879216,32,0.01814805794739319,0.08725621366444279
16,0.022641334559849985,0,16,0.11177807480519311,0,16,0.025347352309985065,16,0.12718431721425055,0,0.02276318776856802,0.11192143072642897,8,0.02545589909380351,0.12635068392555107,0.02251948135113195,0.11163471888395723,8,0.02523880552616662,0.12801795050295,109,64,0.01599511315328865,0,64,0.09894210185048025,0,64,0.018405834291327958,0.01953608402982354,64,0.08610602544305936,0,0.016034975299880086,0.0989124491444935,32,0.01844863490624333,0.08637001072226452,0.015955251006697216,0.09897175455646698,32,0.018363033676412583,0.08584204016385417
16,0.024546985340024488,0,16,0.1131977485603852,0,16,0.027368991465351655,16,0.13674657863602335,0,0.024698618293398315,0.11347711347424073,8,0.027507283016374066,0.1357428719558023,0.024395352386650655,0.11291838364652966,8,0.02723069991432924,0.13775028531624434,110,64,0.016773456522168724,0,64,0.10354435896559808,0,64,0.019317894468840007,0.022183822351507843,64,0.09218239715343018,0,0.01680141962638238,0.10352570150627213,32,0.019349107201797833,0.09245988636929538,0.01674549341795507,0.10356301642492405,32,0.01928668173588218,0.09190490793756502
16,0.029496681944434854,0,16,0.11763447183436536,0,16,0.03216805519523088,16,0.1324575143501201,0,0.029692013775281117,0.1178347950818035,8,0.032350530408997144,0.13170118539280543,0.02930135011358859,0.11743414858692719,8,0.031985579981464625,0.1332138433074348,111,64,0.026829105911908586,0,64,0.10381418718666055,0,64,0.029063193381000628,0.022606240818277,64,0.09140696252669261,0,0.02693375830087229,0.10365237103597306,32,0.029165348987432012,0.09159418759402049,0.026724453522944884,0.10397600333734805,32,0.028961037774569244,0.09121973745936474
16,0.02968880451462788,0,16,0.11993661655669152,0,16,0.032688393921851036,16,0.15296154599457484,0,0.029738606747739774,0.1201633368403224,8,0.03272869496458185,0.1520401604072534,0.029639002281515982,0.11970989627306063,8,0.03264809287912022,0.1538829315818963,112,64,0.03154268727333313,0,64,0.11624971220278166,0,64,0.03405858073106242,0.03837958606891334,64,0.10592435561347446,0,0.03160489008981161,0.11632034231315228,32,0.034125509401391245,0.10617860885850769,0.03148048445685465,0.11617908209241105,32,0.033991652060733596,0.10567010236844125
16,0.037217814409624496,0,16,0.12788408870317927,0,16,0.03993702957771182,16,0.1413102787984662,0,0.037406967936571556,0.12779675197582208,8,0.04011091118153033,0.14060188977087607,0.037028660882677436,0.12797142543053647,8,0.03976314797389331,0.14201866782605635,113,64,0.03523209886587059,0,64,0.11451900096105372,0,64,0.03751850800579212,0.035447837435640395,64,0.10092395653784582,0,0.03535021053888491,0.11443266876845856,32,0.037638578672688015,0.10125727420301722,0.03511398719285626,0.1146053331536489,32,0.03739843733889622,0.10059063887267439
16,0.028614866367909386,0,16,0.12128639769754042,0,16,0.03157217884047167,16,0.14775016606660296,0,0.028761758314848014,0.12154368843117161,8,0.03170399403314675,0.14666515040975614,0.02846797442097075,0.12102910696390926,8,0.03144036364779659,0.14883518172344973,114,64,0.026293533961257942,0,64,0.11425483562854205,0,64,0.028840093616558087,0.037543164915405214,64,0.10000202307679254,0,0.026318359923447502,0.11424070553442545,32,0.0288680241012828,0.10019870479124549,0.026268707999068382,0.11426896572265867,32,0.02881216313183338,0.09980534136233958
16,0.03775580306530789,0,16,0.1368901980985598,0,16,0.040719137823297155,16,0.15198187274442065,0,0.03758878015046322,0.1358211659355813,8,0.040511685400769916,0.14965817137378068,0.03792282598015257,0.1379592302615383,8,0.04092659024582441,0.15430557411506057,115,64,0.0379053593397866,0,64,0.12228755004886285,0,64,0.04042265258851674,0.033690143027342856,64,0.11343412056397811,0,0.038055462703211654,0.12247324688830535,32,0.040574453673682676,0.11348030491815725,0.037755255976361556,0.12210185320942038,32,0.04027085150335081,0.11338793620979898
16,0.04052139535385943,0,16,0.14490029235630744,0,16,0.04379160501851584,16,0.16884313723650224,0,0.04067478748524536,0.14517024266775894,8,0.04392519695904942,0.167351719601107,0.040368003222473484,0.14463034204485595,8,0.043658013077982255,0.17033455487189747,116,64,0.037269991270287794,0,64,0.1304881627652152,0,64,0.040018980250442496,0.043578627752140164,64,0.11826154214861853,0,0.03745157256805831,0.13057272408100934,32,0.040205944997866915,0.11870275206003414,0.03708840997251728,0.13040360144942104,32,0.03983201550301806,0.1178203322372029
16,0.027350210317489236,0,16,0.12012339356252884,0,16,0.030200551383635726,16,0.13895645693921635,0,0.027452277228681723,0.12004073276891163,8,0.030281925261473566,0.13771009426148195,0.027248143406296756,0.12020605435614605,8,0.03011917750579788,0.1402028196169507,117,64,0.02018106757736081,0,64,0.10678061487582538,0,64,0.022748418468229316,0.029037945671007037,64,0.09674837377348833,0,0.02023768248428176,0.10693913484954862,32,0.022811246394322467,0.09705790602987983,0.020124452670439864,0.10662209490210214,32,0.022685590542136168,0.09643884151709682
16,0.02440740246316254,0,16,0.11004275192122921,0,16,0.027065666516334935,16,0.12853711860808015,0,0.02453024852489015,0.1100511747651699,8,0.027174306723166508,0.12773088942282496,0.024284556401434933,0.1100343290772885,8,0.026957026309503362,0.1293433477933353,118,64,0.017400539665727258,0,64,0.09829973538478601,0,64,0.01975760938109246,0.021894857985898852,64,0.08645770745216208,0,0.017433758303040094,0.09827851420965511,32,0.019793892656612536,0.0866911596087196,0.01736732102841442,0.09832095655991688,32,0.01972132610557238,0.08622425529560457
16,0.02231969721102777,0,16,0.10789777745267187,0,16,0.024990528842822372,16,0.12688770097165986,0,0.022470558922919465,0.1080228523582641,8,0.02512701976232562,0.12599778701440636,0.022168835499136084,0.10777270254707967,8,0.024854037923319125,0.12777761492891335,119,64,0.01508296209463119,0,64,0.09615554884708719,0,64,0.017454372103041467,0.01944044791162014,64,0.08496733090494474,0,0.01510726680413786,0.09621041036190588,32,0.01748493866266739,0.08533501131863266,0.015058657385124519,0.0961006873322685,32,0.017423805543415546,0.08459965049125678
16,0.02130627242895822,0,16,0.11253864274311547,0,16,0.024037593111696932,16,0.12605703041497196,0,0.021448938211350715,0.11267824361097073,8,0.024169918455205046,0.1254715502362227,0.021163606646565726,0.1123990418752602,8,0.02390526776818882,0.12664251059372125,120,64,0.014213463536722832,0,64,0.09742848456280004,0,64,0.016623984170056057,0.017315970733761787,64,0.08434848791587163,0,0.014240069335629768,0.09731985367629634,32,0.016653538683003455,0.08465168875885357,0.014186857737815896,0.09753711544930374,32,0.01659442965710866,0.08404528707288969
16,0.020795747794702023,0,16,0.10686582302519093,0,16,0.02345553265336922,16,0.12482640586515892,0,0.020927940636664043,0.10694471410563694,8,0.023574207950911467,0.12401665850366447,0.020663554952740006,0.10678693194474492,8,0.023336857355826978,0.12563615322665334,121,64,0.013771577528518065,0,64,0.09422923480422009,0,64,0.016121073411247643,0.016574648208916187,64,0.08291829366294591,0,0.013793886922289772,0.09425731989832539,32,0.016148534902279528,0.08322884819394921,0.013749268134746358,0.09420114971011477,32,0.016093611920215762,0.08260773913194262
16,0.02081877638220485,0,16,0.10761472817084972,0,16,0.023501414509013503,16,0.1257681312657926,0,0.02094591690187704,0.10773752078831184,8,0.023618009157019983,0.12512295107157456,0.020691635862532656,0.1074919355533876,8,0.023384819861007024,0.1264133114600106,122,64,0.013650029722165342,0,64,0.09441847342363968,0,64,0.015997175028201402,0.016411869029980153,64,0.0824312451649026,0,0.013672865748264117,0.09441746874775321,32,0.016024167282483806,0.08269309419975326,0.013627193696066565,0.09441947809952614,32,0.015970182773919,0.08216939613005196
16,0.022202235287816847,0,16,0.10636299674955788,0,16,0.024818519360229826,16,0.12474317849799116,0,0.02232134903771809,0.10644449640262768,8,0.024923979041345586,0.1238834865744746,0.0220831215379156,0.10628149709648807,8,0.024713059679114066,0.12560287042150772,123,64,0.014864494021746931,0,64,0.09432125502887312,0,64,0.017169032441102655,0.016235302027780563,64,0.08209978721996207,0,0.014894596531538878,0.09429185391662182,32,0.017201992804337853,0.08234817324655472,0.014834391511954986,0.09435065614112438,32,0.017136072077867458,0.08185140119336945
16,0.02082316448040275,0,16,0.10829486592021755,0,16,0.02354660309207999,16,0.12771900314377183,0,0.020938779551846785,0.1084799658845618,8,0.023651450631187846,0.12697526303842543,0.020707549408958716,0.1081097659558733,8,0.023441755552972135,0.12846274324911822,124,64,0.014130963803808412,0,64,0.09562475193517196,0,64,0.01650618492779806,0.016665852046571672,64,0.08396019247093914,0,0.014164702478066091,0.09558152232123508,32,0.01654386858338651,0.08429284851710356,0.014097225129550734,0.09566798154910885,32,0.016468501272209616,0.08362753642477472
16,0.02042643666228528,0,16,0.10594873061913743,0,16,0.023072572208288802,16,0.12362961309016632,0,0.02055240990622309,0.1060253344833611,8,0.02318280372614053,0.12264990404469096,0.020300463418347466,0.10587212675491378,8,0.022962340690437077,0.12460932213564167,125,64,0.013616116741798814,0,64,0.09441836507905857,0,64,0.01597468254373781,0.01639494491973892,64,0.08289620989854433,0,0.013638330594878782,0.0944584996874149,32,0.016002983549343378,0.08324474050327213,0.013593902888718847,0.0943782304707022,32,0.01594638153813224,0.08254767929381651
16,0.020665089226475954,0,16,0.10902109533894891,0,16,0.023342028350697958,16,0.1239760547377742,0,0.02078809076028635,0.10907679599219394,8,0.02345047192843174,0.12309689486066663,0.020542087692665554,0.10896539468570386,8,0.023233584772964166,0.12485521461488179,126,64,0.013444275047283488,0,64,0.09430004460406127,0,64,0.01579053705570237,0.016075785271823406,64,0.08186932909808863,0,0.013475619425847032,0.09429031113117721,32,0.01582650262813737,0.08218454334426376,0.013412930668719944,0.09430977807694532,32,0.015754571483267373,0.0815541148519135
16,0.020597599737440773,0,16,0.10900136295462967,0,16,0.023312605697595086,16,0.1259805238825393,0,0.020720879262781496,0.10915776059318501,8,0.02342110497852839,0.12498730320071562,0.020474320212100057,0.10884496531607435,8,0.023204106416661784,0.126973744564363,127,64,0.013662289525374152,0,64,0.09490521276087913,0,64,0.01604410922949779,0.016039884358178824,64,0.08410837014707226,0,0.01370092963770722,0.09504965461407427,32,0.01609126761538241,0.08453559171859482,0.013623649413041086,0.09476077090768398,32,0.01599695084361317,0.08368114857554969
16,0.021437270379060687,0,16,0.10683891289112563,0,16,0.024153171361963394,16,0.12930410939220388,0,0.021545149647273783,0.10700676451612856,8,0.02424493776197053,0.1281514542226623,0.021329391110847598,0.10667106126612269,8,0.02406140496195626,0.1304567645617455,128,64,0.014462115001151972,0,64,0.09613337031236421,0,64,0.016845110098090636,0.01633752998895943,64,0.08490015998246893,0,0.01448629728822394,0.0962418358450123,32,0.016875787056393476,0.08521266262460173,0.014437932714080004,0.09602490477971612,32,0.016814433139787796,0.08458765734033613
16,0.020795086188179875,0,16,0.10545994124957095,0,16,0.02344544698092509,16,0.12522045959032793,0,0.02090461515646997,0.10557941200107417,8,0.023540590476499985,0.1242630477058865,0.020685557219889777,0.10534047049806775,8,0.023350303485350197,0.12617787147476933,129,64,0.013516745170670771,0,64,0.09432022175735408,0,64,0.01586078258822282,0.016308994847349823,64,0.0818530683359982,0,0.013553048007452446,0.09426891992498379,32,0.015899918137592107,0.08211149167772072,0.013480442333889096,0.09437152358972434,32,0.015821647038853536,0.08159464499427568
16,0.021263552035661378,0,16,0.10639139202106007,0,16,0.023912734881637386,16,0.12541483763923184,0,0.021391751395886113,0.10642419746364971,8,0.024025844758156396,0.12455025423083252,0.02113535267543664,0.10635858657847042,8,0.023799625005118376,0.12627942104763115,130,64,0.01383453919026294,0,64,0.0940560940792769,0,64,0.016165046854551376,0.01616336387814954,64,0.08180678181689251,0,0.01384960639172644,0.09402596616171899,32,0.016183477064061976,0.08204251645552443,0.013819471988799443,0.09408622199683482,32,0.016146616645040777,0.08157104717826055
16,0.020755241655166456,0,16,0.10973192494359713,0,16,0.02348036492401335,16,0.126983804735199,0,0.020859125653866745,0.10960407951910908,8,0.02356718326495922,0.12606296341556136,0.020651357656466175,0.10985977036808516,8,0.023393546583067474,0.12790464605483662,131,64,0.014030312953062165,0,64,0.095984235988167,0,64,0.016402793392137995,0.01616074377670884,64,0.08293945192081092,0,0.014046900194335275,0.09585688321110508,32,0.01641945863797127,0.08306588760487926,0.014013725711789056,0.0961115887652289,32,0.016386128146304718,0.0828130162367426
16,0.020438979956204053,0,16,0.1087305373316407,0,16,0.02314040100437543,16,0.12567937754325528,0,0.020548590977184564,0.10876151176705381,8,0.02323555348240278,0.12481162232578966,0.020329368935223545,0.10869956289622759,8,0.02304524852634808,0.12654713276072094,132,64,0.013767633224180786,0,64,0.09493958090808594,0,64,0.016117381612864697,0.016162419167812914,64,0.08209950212779688,0,0.013791262266094385,0.09480416307569509,32,0.016143377999247935,0.0824087546026967,0.013744004182267188,0.09507499874047677,32,0.016091385226481455,0.08179024965289708
16,0.022101789124212304,0,16,0.10825354933696914,0,16,0.024748546513120917,16,0.12473782648190729,0,0.02224415174641845,0.1083129744063474,8,0.024874825032136193,0.12380031020658075,0.021959426502006156,0.10819412426759087,8,0.02462226799410564,0.12567534275723383,133,64,0.014346423809971583,0,64,0.09434585907855367,0,64,0.016675035213002128,0.016387071693316102,64,0.08242104822454493,0,0.014367569769490919,0.09442911028473688,32,0.016703444736989016,0.0827880433345575,0.014325277850452244,0.09426260787237045,32,0.01664662568901525,0.08205405311453237
16,0.021193743920074892,0,16,0.11236770673532183,0,16,0.023909575334211442,16,0.12455283909957256,0,0.021341711818449675,0.1124469228158011,8,0.02404689956690237,0.12404258897343647,0.02104577602170011,0.11228849065484255,8,0.023772251101520515,0.12506308922570863,134,64,0.014288780933129547,0,64,0.09632663419765444,0,64,0.01668805198732502,0.016333839565049857,64,0.08474724474635045,0,0.014336932456867565,0.09638906686065504,32,0.016742036070076363,0.08508428013545827,0.014240629409391529,0.09626420153465384,32,0.016634067904573675,0.08441020935724265
16,0.021341558213472785,0,16,0.10936874976206104,0,16,0.024066265600241703,16,0.12775445270546595,0,0.02146118515981265,0.1095370455768459,8,0.02417434433807706,0.1269796826914431,0.02122193126713292,0.10920045394727618,8,0.023958186862406344,0.12852922271948883,135,64,0.014370811947521319,0,64,0.09592293340893424,0,64,0.01675791173660524,0.016700367792509496,64,0.08509344218506551,0,0.014387042196250796,0.09593121463034657,32,0.016780246798585686,0.08548670950621533,0.014354581698791842,0.0959146521875219,32,0.016735576674624792,0.0847001748639157
16,0.021152863612779516,0,16,0.10792270893857421,0,16,0.023808929520345884,16,0.12377002794108372,0,0.021276391137939776,0.10800579454787201,8,0.02391571603808321,0.12271925484051108,0.021029336087619248,0.10783962332927644,8,0.023702143002608558,0.12482080104165635,136,64,0.01387675880832135,0,64,0.09355833416749529,0,64,0.016208290457507383,0.016677037172485143,64,0.08255069588296826,0,0.013899234077934256,0.09364691143915213,32,0.01623798007227166,0.08291993145981193,0.013854283538708448,0.09346975689583845,32,0.016178600842743106,0.08218146030612458
16,0.020965593835280717,0,16,0.1100246139283951,0,16,0.02368449623059402,16,0.12670910569073296,0,0.021090381142834617,0.1099421437777792,8,0.023792479154468686,0.12577746023584868,0.020840806527726817,0.11010708407901099,8,0.02357651330671935,0.12764075114561726,137,64,0.013764324984467006,0,64,0.09419583992026083,0,64,0.01610726350442212,0.01640852342825383,64,0.08257322902626008,0,0.013794282558418205,0.09412154144893811,32,0.016138860040558745,0.08278555193228121,0.013734367410515806,0.09427013839158355,32,0.01607566696828549,0.08236090612023891
16,0.020859515602925382,0,16,0.10989418717867687,0,16,0.02356946237413971,16,0.12520608020976265,0,0.020957561206044924,0.11002029297551705,8,0.02365691746491789,0.1244854346597372,0.02076146999980584,0.10976808138183669,8,0.023482007283361535,0.1259267257597881,138,64,0.013751153853252603,0,64,0.09522103107944893,0,64,0.016127465323612297,0.016239277727436274,64,0.08370504324099698,0,0.013769700302970964,0.0950949436162892,32,0.016148668819583684,0.08402100692157344,0.013732607403534243,0.0953471185426087,32,0.01610626182764091,0.08338907956042048
16,0.020742484209371484,0,16,0.10588385991546749,0,16,0.023398819761278798,16,0.12479282897800972,0,0.020866011901103054,0.10591891452614385,8,0.023507212274776076,0.12385183234049821,0.02061895651763991,0.10584880530479114,8,0.023290427247781527,0.12573382561552127,139,64,0.013564325425794714,0,64,0.09394386277066458,0,64,0.01589225468961928,0.01611609722021967,64,0.08153984979587572,0,0.013593749741011199,0.09391182547339863,32,0.015926192119090733,0.08188812838080581,0.013534901110578229,0.09397590006793051,32,0.015858317260147824,0.08119157121094567
16,0.020452311759947352,0,16,0.10840510588781885,0,16,0.023123283462681513,16,0.12366420703797834,0,0.02057875777328403,0.10840587493122679,8,0.023230314868873295,0.12247804407915841,0.020325865746610675,0.10840433684441086,8,0.023016252056489727,0.12485036999679829,140,64,0.013473183870954145,0,64,0.09439437152138476,0,64,0.015842984236312294,0.01603562996024266,64,0.08336356178785048,0,0.013507575709732706,0.09457100055305331,32,0.015885504604171846,0.08372204216119866,0.013438792032175587,0.09421774248971623,32,0.01580046386845274,0.0830050814145023
16,0.020695155148363217,0,16,0.109179768342632,0,16,0.023371931268107528,16,0.1237981065881467,0,0.020807572656086428,0.10914144122044794,8,0.023471636338612403,0.12314689214390628,0.020582737640640003,0.10921809546481608,8,0.02327222619760265,0.12444932103238714,141,64,0.013650880362440077,0,64,0.09476198186490395,0,64,0.016004662431417488,0.016180962382350117,64,0.08219717798055413,0,0.01366819172328814,0.09470533664210354,32,0.016025628787476615,0.08246149301296471,0.013633569001592016,0.09481862708770437,32,0.015983696075358367,0.08193286294814353
16,0.021222742070444348,0,16,0.11081520369018506,0,16,0.023929395561027855,16,0.1247197773252524,0,0.021340089959365073,0.1108980683158981,8,0.024036611988476973,0.12412155591106071,0.021105394181523622,0.11073233906447201,8,0.023822179133578737,0.1253179987394441,142,64,0.014154933274611805,0,64,0.09451726103191979,0,64,0.016505633951857848,0.016179043450392783,64,0.0835090535050167,0,0.01417537008812853,0.09446081247064819,32,0.016532254319721093,0.0839585949124658,0.01413449646109508,0.0945737095931914,32,0.016479013583994607,0.08305951209756761
16,0.02075329419991517,0,16,0.10857656357707046,0,16,0.02344027556536311,16,0.12502305379286086,0,0.020873379412811456,0.10861764551211545,8,0.023546709458771672,0.12423214308566413,0.020633208987018883,0.10853548164202549,8,0.02333384167195455,0.12581396450005755,143,64,0.01355216019714494,0,64,0.09414531599909945,0,64,0.01589315995713892,0.01609013939741999,64,0.08194679318409573,0,0.013574134628776014,0.0940843893126823,32,0.015918238432463587,0.08221452316617209,0.013530185765513864,0.09420624268551657,32,0.01586808148181426,0.08167906320201937
16,0.020792364851905127,0,16,0.10614551682784111,0,16,0.023446614547552154,16,0.12489063396398006,0,0.020902440117110427,0.10627390981808171,8,0.023543476165754022,0.12401239470188163,0.020682289586699827,0.10601712383760051,8,0.023349752929350293,0.12576887322607844,144,64,0.01366046971931643,0,64,0.09360054773682835,0,64,0.015977028887601812,0.01605474081588909,64,0.08123356546803523,0,0.013673807648538549,0.09357682279860999,32,0.01599417179656118,0.08148556168545601,0.013647131790094313,0.09362427267504672,32,0.015959885978642445,0.08098156925061446
16,0.020259260734780363,0,16,0.10887121589078165,0,16,0.022953497180897862,16,0.12444993003647399,0,0.0203884262666613,0.10901140170456819,8,0.02307346395582938,0.12389033902512044,0.020130095202899434,0.10873103007699511,8,0.02283353040596634,0.12500952104782753,145,64,0.013676926697717124,0,64,0.09413342677354701,0,64,0.01602237479207393,0.016142277454491705,64,0.08243366906404297,0,0.013710070548615772,0.09408493317179019,32,0.0160588555544035,0.0827253324797327,0.013643782846818477,0.09418192037530386,32,0.01598589402974436,0.08214200564835324
16,0.02117129789104759,0,16,0.10859856588149512,0,16,0.023827395034393368,16,0.12339427331701122,0,0.02130299877091334,0.10867773186116736,8,0.023945150044442427,0.12255598014141819,0.021039597011181833,0.10851939990182287,8,0.023709640024344305,0.12423256649260424,146,64,0.013695029006378654,0,64,0.09428533618918569,0,64,0.016049882887598815,0.0164071909384802,64,0.08305645912027843,0,0.01372906543502906,0.09428525305597771,32,0.01608863549265613,0.08339135591792152,0.013660992577728247,0.09428541932239368,32,0.016011130282541496,0.08272156232263533
16,0.020635864563971693,0,16,0.10614802030117888,0,16,0.023311490869183406,16,0.1255432673996133,0,0.02072575277848404,0.10617749111182244,8,0.02338497823230183,0.12445589889561587,0.020545976349459344,0.10611854949053534,8,0.023238003506064975,0.12663063590361073,147,64,0.013679658544794318,0,64,0.09451227864669164,0,64,0.016038321686167943,0.016244576370809227,64,0.08319872142751994,0,0.013710359139118762,0.09450835943068626,32,0.01607342397519921,0.08350255067170619,0.013648957950469871,0.09451619786269702,32,0.01600321939713668,0.0828948921833337
16,0.02095684886258871,0,16,0.108327460644346,0,16,0.023623744727808264,16,0.12464401616795134,0,0.021069972133960127,0.10842873847877178,8,0.023723469889112534,0.1237807566530669,0.02084372559121729,0.10822618280992022,8,0.02352401956650399,0.1255072756828358,148,64,0.014291024138183303,0,64,0.09457309975734148,0,64,0.0166282289869657,0.016609161742962897,64,0.08262947609677616,0,0.014309900609905012,0.09453659719084971,32,0.01665151362095599,0.08294726996997162,0.014272147666461591,0.09460960232383323,32,0.016604944352975406,0.0823116822235807
16,0.020714890770717122,0,16,0.10668732577458995,0,16,0.023400309727160354,16,0.12636803692666734,0,0.020823645408651125,0.10677700810481461,8,0.023491637858732917,0.12521791038771798,0.020606136132783115,0.10659764344436529,8,0.023308981595587787,0.1275181634656167,149,64,0.014110699124550641,0,64,0.09568284483546134,0,64,0.016503896747335184,0.016756527649704367,64,0.08485892055870677,0,0.01416127988700547,0.09579623636205409,32,0.016561929823850557,0.08528489270096695,0.014060118362095812,0.09556945330886861,32,0.016445863670819818,0.08443294841644658
16,0.020365688412180068,0,16,0.10961255243424256,0,16,0.023089195936642565,16,0.12565381958562052,0,0.020508527951404964,0.10972114554258508,8,0.023220865648088083,0.1250140412365071,0.020222848872955168,0.10950395932590004,8,0.02295752622519705,0.12629359793473394,150,64,0.013763785166651063,0,64,0.09460766160458284,0,64,0.01612146912738263,0.016303531418088824,64,0.08293280309799651,0,0.013791213262394296,0.09458452550293339,32,0.01615430953479757,0.08330479003996379,0.013736357070907831,0.09463079770623228,32,0.016088628719967687,0.08256081615602923
