arm,training_seed,epoch,train_loss,train_retrieval_loss,train_auxiliary_loss,dev_utility,dev_visible_localization,dev_false_presence,seconds
retrieval_only,1701,1,1.4261913299560547,1.4261913299560547,0.0,0.42116182572614114,0.8423236514522822,1.0,5.520519959000012
retrieval_only,1701,2,1.1587293081813388,1.1587293081813388,0.0,0.4273858921161826,0.8547717842323651,1.0,5.18845784899986
retrieval_only,1701,3,0.8050534990098741,0.8050534990098741,0.0,0.490285187380623,0.7821576763485477,0.8015873015873016,4.915197497999543
retrieval_only,1701,4,0.739260713259379,0.739260713259379,0.0,0.6293469670025686,0.4491701244813278,0.19047619047619047,4.698741995000091
retrieval_only,1701,5,0.6835826304223802,0.6835826304223802,0.0,0.5231673582295988,0.8796680497925311,0.8333333333333334,5.243992509000236
retrieval_only,1701,6,0.6452429393927256,0.6452429393927256,0.0,0.7505516037673714,0.8661825726141079,0.36507936507936506,4.70750642800067
retrieval_only,1701,7,0.5734295116530524,0.5734295116530524,0.0,0.8155832180728446,0.6867219917012448,0.05555555555555555,4.967092394999781
retrieval_only,1701,8,0.44720959663391113,0.44720959663391113,0.0,0.8919597576236581,0.799792531120332,0.015873015873015872,5.067949174000205
retrieval_only,1701,9,0.3310556982954343,0.3310556982954343,0.0,0.9107883817427386,0.8215767634854771,0.0,4.713140558000305
retrieval_only,1701,10,0.2308141216635704,0.2308141216635704,0.0,0.8915975103734439,0.783195020746888,0.0,5.180733911000061
retrieval_only,1701,11,0.4317322054670917,0.4317322054670917,0.0,0.8914657841006388,0.8226141078838174,0.03968253968253968,4.662043876000098
retrieval_only,1701,12,0.27036986624201137,0.27036986624201137,0.0,0.883298755186722,0.766597510373444,0.0,5.050069303999408
retrieval_only,1701,13,0.3107452467083931,0.3107452467083931,0.0,0.8480290456431535,0.696058091286307,0.0,4.953679442000066
retrieval_only,1701,14,0.26930724270641804,0.26930724270641804,0.0,0.9123443983402489,0.8246887966804979,0.0,4.748157495999294
retrieval_only,1701,15,0.18237522430717945,0.18237522430717945,0.0,0.9056016597510373,0.8112033195020747,0.0,5.266906371999539
retrieval_only,1701,16,0.1466333033103082,0.1466333033103082,0.0,0.9201244813278009,0.8402489626556017,0.0,4.865411114000381
retrieval_only,1701,17,0.1457654553362065,0.1457654553362065,0.0,0.9420898373180531,0.8921161825726142,0.007936507936507936,5.140965784999935
retrieval_only,1701,18,0.12778811694847214,0.12778811694847214,0.0,0.9299792531120332,0.8599585062240664,0.0,4.7443011089999345
retrieval_only,1701,19,0.11552442392955224,0.11552442392955224,0.0,0.9410524929197128,0.8900414937759336,0.007936507936507936,4.665611945999444
retrieval_only,1701,20,0.11062551289796829,0.11062551289796829,0.0,0.9483139037080945,0.9045643153526971,0.007936507936507936,5.321915301999979
retrieval_only,1701,21,0.10514512285590172,0.10514512285590172,0.0,0.9424273858921162,0.8848547717842323,0.0,4.787673652999729
retrieval_only,1701,22,0.09950544353988436,0.09950544353988436,0.0,0.9522821576763485,0.9045643153526971,0.0,5.361767790999693
retrieval_only,1701,23,0.09286009033934937,0.09286009033934937,0.0,0.9521257327273924,0.9201244813278008,0.015873015873015872,4.75348981299976
retrieval_only,1701,24,0.10280417733722264,0.10280417733722264,0.0,0.9382780082987552,0.8765560165975104,0.0,4.705751917999805
retrieval_only,1701,25,0.1767226094380021,0.1767226094380021,0.0,0.9035269709543569,0.8070539419087137,0.0,5.286335572000098
retrieval_only,1701,26,0.35132856253120637,0.35132856253120637,0.0,0.7842323651452282,0.5684647302904564,0.0,4.636528480999914
retrieval_only,1701,27,0.30984824978642994,0.30984824978642994,0.0,0.920824277152078,0.8495850622406639,0.007936507936507936,5.252467382999384
retrieval_only,1701,28,0.18881978073881733,0.18881978073881733,0.0,0.9216804979253113,0.8433609958506224,0.0,4.68684091599971
retrieval_only,1701,29,0.1583917663536138,0.1583917663536138,0.0,0.9394964763222025,0.8869294605809128,0.007936507936507936,4.751231156000358
retrieval_only,1701,30,0.14193438360881475,0.14193438360881475,0.0,0.9092323651452282,0.8184647302904564,0.0,5.340623916000368
