epoch,train_loss,train_occupancy_mse,train_rgb_mse
1,0.04294773798028473,0.02821214832511032,0.014735589677002281
2,0.005691573693184182,0.0021336916797736194,0.0035578820170485415
3,0.003739997911907267,0.0013140199771441985,0.002425977938401047
4,0.0028099044066038914,0.0009206092236127006,0.001889295188448159
5,0.002347183988604229,0.0007800294952176046,0.0015671545043005608
6,0.0019496065797284245,0.0006150924928078894,0.001334514090558514
7,0.00186103564556106,0.0006652860865870025,0.001195749566250015
8,0.0015383728095912375,0.0004971663029209594,0.001041206503941794
9,0.0013478649270837195,0.0004114312769161188,0.0009364336510770954
10,0.0013084841339150444,0.00045841832343285205,0.00085006580229674
11,0.0011552580072020646,0.00035714573232326075,0.0007981122726050671
12,0.001063531870386214,0.0003263958624302177,0.0007371360006800387
13,0.0009559932223055512,0.0002684376713659731,0.0006875555518490728
14,0.0008901568580768071,0.00025406861777810263,0.0006360882434819359
15,0.0008219518422265537,0.00021677856466340018,0.0006051732834748691
16,0.0008161508430930553,0.00023440495260729222,0.0005817458950332366
17,0.0007579248795082094,0.00020331921768956818,0.000554605656361673
18,0.0006939498525753152,0.00016607111274424824,0.0005278787402858143
19,0.0006689626370643964,0.0001750200567585125,0.0004939425762131577
20,0.000625532587946509,0.00014404906914933235,0.0004814835201614187
21,0.0006064499357307795,0.00015498737707275723,0.0004514625561569119
22,0.0005705418479919899,0.00013768009603154496,0.0004328617515056976
23,0.000535395572114794,0.00012231407208673772,0.00041308149684482487
24,0.0005396233336796286,0.00012905336552648805,0.0004105699681531405
25,0.0005385923714129603,0.00013048573850937828,0.0004081066335857031
26,0.0004858484999203938,0.00010879047340495163,0.00037705802697018953
27,0.0004742098371934844,9.797900725061481e-05,0.0003762308251680224
28,0.0005888257473998237,0.00015691132125539298,0.00043191442455281503
29,0.00047806275779294083,9.36913661462313e-05,0.0003843713911919622
30,0.0005154763366590487,0.00015535301713498484,0.00036012331656820606
31,0.00046440757705568103,0.00012463732014111883,0.0003397702585061779
32,0.0004327883943915367,0.00010541771132466238,0.00032737068249844015
33,0.0003891557580573135,7.734342534604366e-05,0.0003118123340755119
34,0.0003676159785754862,6.396190690338699e-05,0.00030365407019417034
35,0.00036772747444047127,7.728961259090283e-05,0.00029043786435067886
36,0.0004687411101258476,0.0001682211502611608,0.00030051995872781845
37,0.00036712875680677826,7.526673903157644e-05,0.00029186201845732285
38,0.00036773321608052356,7.152493117246195e-05,0.00029620828172483016
39,0.00032562199976382544,5.36383402049978e-05,0.00027198365933145396
40,0.00033544221332704183,5.391397849052737e-05,0.0002815282346091408
