epoch,train_loss,dev_score,dev_source_hole_mse,dev_source_hole_ratio,dev_source_hole_denominator_clipped,dev_destination_mse,dev_destination_ratio,dev_destination_denominator_clipped,dev_halo_mse,dev_halo_ratio,dev_halo_denominator_clipped,seconds
1,0.8037397687633833,0.19877493161960436,1.1220257878303528,0.2073392743848531,0,0.9173376187682152,0.1902105888543556,0,0.1480051577091217,1.1174885261273828,0,0.49726054199891223
2,0.7419293572505316,0.186861860726722,1.1223786622285843,0.2073942010991638,0,0.8019074760377407,0.16632952035428028,0,0.13575612660497427,1.0221231643656115,0,0.4040692120015592
3,0.7082339748740196,0.1799646879096487,1.1178077384829521,0.20658211061598733,0,0.7388821206986904,0.15334726520331005,0,0.13277626503258944,0.998478802557569,0,0.3871272710002813
4,0.689487716803948,0.17554467121746042,1.1127124950289726,0.20564551517302115,0,0.7006247006356716,0.14544382726189972,0,0.13329080678522587,1.002901453018775,0,0.4153509280004073
5,0.6712877626220385,0.17130777970432426,1.1200326010584831,0.20693717897987807,0,0.6531275361776352,0.13567838042877045,0,0.13407460693269968,1.0094072109811334,0,0.4011392690008506
6,0.6524294428527355,0.16597282344904607,1.1030308157205582,0.2038195584930822,0,0.6165417805314064,0.12812608840500994,0,0.1309558693319559,0.9852268536935143,0,0.4062380569994275
7,0.6356992088258266,0.16354057599596156,1.098505474627018,0.20296914923878273,0,0.5973605066537857,0.12411200275314041,0,0.129713399335742,0.9754416187672664,0,0.4007900050000899
8,0.6233609306315581,0.16193541823708235,1.100659005343914,0.2034365617686401,0,0.5798843652009964,0.12043427470552459,0,0.12907090969383717,0.9705258128219227,0,0.3931771679999656
9,0.6150559124847254,0.15815787798986355,1.0861353427171707,0.20068458582464463,0,0.5565742813050747,0.11563117015508251,0,0.1279363390058279,0.9615851257448553,0,0.38197005600159173
10,0.604423222442468,0.15686398639894156,1.076820857822895,0.19889700830832305,0,0.5521789751946926,0.11483096448956007,0,0.12721389718353748,0.956126907313462,0,0.41275833300096565
11,0.5948323657115301,0.15615127718372557,1.096029818058014,0.20240936209838326,0,0.5283139236271381,0.10989319226906791,0,0.12715675123035908,0.9552843767412249,0,0.3971840650010563
12,0.5881915849943956,0.1538071588772958,1.0718178153038025,0.19802912363970718,0,0.527314018458128,0.10958519411488445,0,0.12663854286074638,0.9514284414094132,0,0.41829170500022883
13,0.5815870588024458,0.154805677343819,1.09024066478014,0.20132411786990168,0,0.5212892517447472,0.10828723681773628,0,0.12671291548758745,0.9524082834405019,0,0.45416173500052537
14,0.574444388349851,0.15166736355363436,1.0690665245056152,0.19745360345629728,0,0.5092790834605694,0.10588112365097144,0,0.1256343899294734,0.9441543496611815,0,0.541530001000865
15,0.5705145845810572,0.1505373018166259,1.0636845380067825,0.19652605326670655,0,0.5026887245476246,0.10454855036654526,0,0.12576120253652334,0.9452650772439561,0,0.504870579999988
16,0.5650655850768089,0.15046634336366987,1.0635831952095032,0.19644382305849906,0,0.5028907507658005,0.10448886366884066,0,0.12488077115267515,0.938214733450847,0,0.4583930169992527
17,0.5599250942468643,0.15328715926512576,1.0932093411684036,0.20187938177202158,0,0.5036464035511017,0.10469493675822994,0,0.12527094781398773,0.9409954819968211,0,0.5434971200011205
18,0.5589251654843489,0.14975759582218756,1.065252348780632,0.1967427544101032,0,0.494693286716938,0.10277243723427193,0,0.12465434148907661,0.9363451447695752,0,0.4752471499996318
19,0.55260219424963,0.14934728007435216,1.0658239051699638,0.19688757217466016,0,0.48953062295913696,0.10180698797404414,0,0.12464409228414297,0.9365449872903422,0,0.4531243399997038
20,0.5435160112877687,0.1485219918034926,1.0644541233778,0.1965156074646143,0,0.48336510360240936,0.10052837614237087,0,0.12455066666007042,0.9354681153906872,0,0.45864882100067916
21,0.5387412185470263,0.14838948185075707,1.0660486668348312,0.1969250577805711,0,0.48019639775156975,0.09985390592094301,0,0.12421577051281929,0.9335350002492147,0,0.4551364580001973
22,0.5357639901340008,0.14752057110006506,1.060321256518364,0.19580105212666857,0,0.4773777648806572,0.09924009007346156,0,0.12441214546561241,0.9342879457873898,0,0.38596408299963514
23,0.5281652187307676,0.14753722888151574,1.063993088901043,0.19636449777675852,0,0.474798109382391,0.09870995998627297,0,0.12359633855521679,0.9284826876061847,0,0.38829170700046234
24,0.5264245122671127,0.147987956936735,1.0652716606855392,0.19674076216422218,0,0.47736673802137375,0.09923515170924782,0,0.12383480090647936,0.930245920362017,0,0.395234713998434
25,0.5240722435216109,0.14813263565226614,1.0719045475125313,0.19787272390676577,0,0.47281405702233315,0.09839254739776648,0,0.12492325436323881,0.9395731375494495,0,0.39337175599939656
26,0.5193413570523262,0.15032835605985323,1.1017252281308174,0.2034941468043229,0,0.4670460782945156,0.09716256531538355,0,0.1234120074659586,0.9271350792311804,0,0.3836681930006307
27,0.5213520141939322,0.1466645601411189,1.065120629966259,0.19663812782944634,0,0.46446528658270836,0.09669099245279142,0,0.12462879903614521,0.9372071785001008,0,0.3902819519989862
28,0.5158454875151316,0.14726969031654608,1.0597631633281708,0.1956961362431182,0,0.4751460663974285,0.09884324438997395,0,0.1251334212720394,0.9398699987903657,0,0.3885951960000966
